School Code,School Name,Address,Postal Code,EPSB Ward,City Ward,School Website,School EMail,School Phone,Grades,Program,District Centre,Childcare,POINT_X,POINT_Y,New Georeferenced Column,Public_or_cath
1004,George P. Nicholson School,1120 - 113 Street NW,T6J7J4,EPSB WARD H,WARD 09,http://georgepnicholson.epsb.ca,georgepnicholson@epsb.ca,(780) 439-9314,K to Gr 6,,,Yes,-113.5254553,53.44275285,POINT (-113.525455297 53.4427528462),Public
7195,McKee School,10725 - 51 Avenue NW,T6H0L3,EPSB WARD F,WARD 10,http://mckee.epsb.ca/,mckee@epsb.ca,(780) 435-7140,K to Gr 6,,BLA,Yes,-113.5088307,53.48768626,POINT (-113.508830674 53.4876862593),Public
7573,John D Bracco School,3150 - 139 Avenue NW,T5Y2P7,EPSB WARD B,WARD 04,http://jdbracco.epsb.ca,jdbracco@epsb.ca,(780) 475-1760,Gr 7-9,PAP,BAO/OPP,No,-113.3921018,53.603521,POINT (-113.392101802 53.6035209984),Public
1458,A. Blair McPherson School,430 Tamarack Green NW,T6T0J4,EPSB WARD G,WARD 12,http://ablairmcpherson.epsb.ca/,ablairmcpherson@epsb.ca,(780) 468-4361,K to Gr 9,,,No,-113.3618197,53.46964159,POINT (-113.361819679 53.4696415893),Public
7567,Horse Hill School,19355 Meridian Street NW,T5Y6E5,EPSB WARD B,WARD 04,http://horsehill.epsb.ca,horsehill@epsb.ca,(780) 472-6029,K to Gr 6,COG/FDK,,Yes,-113.343731,53.65676027,POINT (-113.343731001 53.6567602668),Public
7187,Princeton School,7720 - 130 Avenue NW,T5C1Y2,EPSB WARD B,WARD 07,http://princeton.epsb.ca,princeton@epsb.ca,(780) 476-2344,K to Gr 6,FDK,PKP/INT,Yes,-113.4596977,53.58976591,POINT (-113.459697737 53.589765906400004),Public
7277,Lago Lindo School,17303 - 95 Street NW,T5Z2Z1,EPSB WARD A,WARD 03,http://lagolindo.epsb.ca/,lagolindo@epsb.ca,(780) 456-6980,K to Gr 6,,BAO,No,-113.4874774,53.63575864,POINT (-113.48747736 53.6357586417),Public
7182,Windsor Park School,8720 - 118 Street NW,T6G1T5,EPSB WARD F,WARD 08,http://windsorpark.epsb.ca/,windsor@epsb.ca,(780) 433-3924,K to Gr 6,,,Yes,-113.5348681,53.52393016,POINT (-113.534868074 53.5239301564),Public
7500,Allendale School,6415 - 106 Street NW,T6H2V5,EPSB WARD F,WARD 10,http://allendale.epsb.ca,allendale@epsb.ca,(780) 434-6756,Gr 7-9,BGE/COG,INT,No,-113.5037485,53.5012013,POINT (-113.50374848 53.5012012959),Public
7724,Learning Store at Blue Quill,284 Saddleback Road NW,T6J4R7,EPSB WARD F,WARD 10,http://outreach.epsb.ca,lsbluequill@epsb.ca,(780) 413-0263,Gr 10-12,,,No,-113.529967,53.46109479,POINT (-113.52996703 53.46109479310001),Public
7270,Tipaskan School,1200 Lakewood Road North NW,T6K4A3,EPSB WARD I,WARD 11,http://tipaskan.epsb.ca,tipaskan@epsb.ca,(780) 462-5031,K to Gr 6,FDK,PKP/INT,No,-113.4589805,53.46302322,POINT (-113.45898046000002 53.4630232185),Public
7550,Avalon Junior School,5425 - 114 Street NW,T6H3M1,EPSB WARD F,WARD 10,http://avalon.epsb.ca/,avalon@epsb.ca,(780) 434-8402,Gr 7-9,FIM,BLA,No,-113.5244202,53.49185464,POINT (-113.524420249 53.4918546392),Public
1282,Edmonton Christian Northeast School,5940 - 159 Avenue NW,T5Y0J5,EPSB WARD B,WARD 04,http://edmchristian.net,ecsne@epsb.ca,(780) 408-7942,K to Gr 9,,,No,-113.4318172,53.62032929,POINT (-113.431817218 53.6203292882),Public
7931,Meadowlark Christian School,9825-158 Street NW,T5P2X4,EPSB WARD E,WARD 01,http://k-9christian.com,meadowlarkchristian@epsb.ca,(780) 483-6476,K to Gr 9,,,No,-113.5933341,53.53670881,POINT (-113.593334143 53.536708805900005),Public
7274,Minchau School,3615 Millwoods Road East NW,T6L5X2,EPSB WARD G,WARD 12,http://minchau.epsb.ca,minchau@epsb.ca,(780) 461-0616,K to Gr 6,,BLA,No,-113.4083636,53.46771456,POINT (-113.408363596 53.4677145604),Public
7232,Rideau Park School,10605 - 42 Avenue NW,T6J3Z9,EPSB WARD F,WARD 10,http://rideaupark.epsb.ca,rideaupark@epsb.ca,(780) 437-0010,K to Gr 6,BGE,INT,Yes,-113.5055133,53.47860442,POINT (-113.50551331900002 53.47860441900001),Public
7235,Satoo School,8515 - 17 Avenue NW,T6K2C7,EPSB WARD I,WARD 11,http://satoo.epsb.ca,satoo@epsb.ca,(780) 462-5125,K to Gr 6,,BLA,No,-113.4605512,53.4468606,POINT (-113.460551248 53.4468605988),Public
7194,Delwood School,7315 Delwood Road NW,T5C3A9,EPSB WARD B,WARD 07,http://delwood.epsb.ca,delwood@epsb.ca,(780) 476-3969,K to Gr 6,FIM,INT,Yes,-113.4553592,53.59642459,POINT (-113.455359228 53.5964245923),Public
7504,Brightview School,15425 - 106 Avenue NW,T5P0W3,EPSB WARD C,WARD 01,http://brightview.epsb.ca,brightview@epsb.ca,(780) 484-6631,K to Gr 6,FDK,BLA/OPP,No,-113.5876974,53.5490519,POINT (-113.587697368 53.5490519008),Public
7522,D S MacKenzie School,4020 - 106 Street NW,T6J1A6,EPSB WARD F,WARD 10,http://dsmackenzie.epsb.ca,dsmackenzie@epsb.ca,(780) 438-9103,Gr 7-9,,BLA/CHA/STR,No,-113.5060803,53.47603525,POINT (-113.506080263 53.4760352503),Public
7551,Britannia School,16018 - 104 Avenue NW,T5P0S3,EPSB WARD C,WARD 01,http://britannia.epsb.ca,britannia@epsb.ca,(780) 489-5300,Gr 7-9,LOG,BLA/CLS,Yes,-113.5979116,53.54674264,POINT (-113.59791160500001 53.5467426377),Public
7278,Earl Buxton School,250 Rhatigan Road East NW,T6R2H7,EPSB WARD F,WARD 09,http://ebuxton.epsb.ca,earlbuxton@epsb.ca,(780) 435-1577,K to Gr 6,,,Yes,-113.5825196,53.47402818,POINT (-113.582519558 53.4740281823),Public
7247,Baturyn School,10603 - 172 Avenue NW,T5X4X4,EPSB WARD A,WARD 03,http://baturyn.epsb.ca,baturyn@epsb.ca,(780) 456-6727,K to Gr 6,,STR,Yes,-113.50615,53.63284177,POINT (-113.50615000500001 53.6328417692),Public
7251,Sakaw School,5730 - 11A Avenue NW,T6L3A9,EPSB WARD I,WARD 11,http://sakaw.epsb.ca,sakaw@epsb.ca,(780) 463-1854,K to Gr 6,,PKP/OPP,No,-113.4278545,53.44076554,POINT (-113.427854493 53.440765536),Public
7516,Killarney School,13110 - 91 Street NW,T5E3P6,EPSB WARD A,WARD 07,http://killarney.epsb.ca,killarney@epsb.ca,(780) 475-1737,Gr 7-9,BAR,CLS/OPP,Yes,-113.4818679,53.59124923,POINT (-113.48186786 53.5912492333),Public
7185,Lendrum School,11330 - 54 Avenue NW,T6H0V7,EPSB WARD F,WARD 10,http://lendrum.epsb.ca,lendrum@epsb.ca,(780) 434-3588,K to Gr 6,FIM,,Yes,-113.5222181,53.49090538,POINT (-113.522218104 53.4909053813),Public
7243,Sweet Grass School,11351 - 31 Avenue NW,T6J4T6,EPSB WARD F,WARD 10,http://sweetgrass.epsb.ca,sweetgrass@epsb.ca,(780) 437-0366,K to Gr 6,ISA,,No,-113.5278023,53.46333612,POINT (-113.527802347 53.4633361162),Public
1936,Nellie Carlson School,4132 MacTaggart Drive NW,T6R0M8,EPSB WARD H,WARD 09,http://nelliecarlson.epsb.ca/,Nelliecarlson@epsb.ca,(587) 489-4702,K to Gr 9,,INT,Yes,-113.5571497,53.4421455,POINT (-113.557149692 53.4421454977),Public
7238,Sifton School,4305 - 134 Avenue NW,T5A3R5,EPSB WARD B,WARD 04,http://sifton.epsb.ca,sifton@epsb.ca,(780) 476-7953,K to Gr 6,FDK,PKP/BLA,No,-113.4081184,53.59426469,POINT (-113.408118444 53.5942646851),Public
1577,Bessie Nichols School,189 Hemingway Road NW,T6M2Z7,EPSB WARD E,WARD 05,http://bessienichols.epsb.ca/,bessienichols@epsb.ca,(780) 444-1922,K to Gr 9,,,Yes,-113.6716111,53.48713954,POINT (-113.671611134 53.4871395387),Public
7121,Dovercourt School,13910 - 122 Avenue NW,T5L2W3,EPSB WARD C,WARD 02,http://dovercourt.epsb.ca,dovercourt@epsb.ca,(780) 455-6171,K to Gr 6,BCH,INT,Yes,-113.5614806,53.57363673,POINT (-113.561480612 53.5736367251),Public
7188,J A Fife School,15004 - 76 Street NW,T5C1C2,EPSB WARD B,WARD 03,http://jafife.epsb.ca,jafife@epsb.ca,(780) 476-0775,K to Gr 6,FIM,LIT,Yes,-113.460791,53.61161737,POINT (-113.460791019 53.6116173694),Public
7909,Millwoods Christian School,8704 Millwoods Road NW,T6K3J3,EPSB WARD G,WARD 11,http://mcs.epsb.ca,millwoodsch@epsb.ca,(780) 462-2627,K to Gr 12,APL,,No,-113.4623005,53.47537016,POINT (-113.462300518 53.4753701646),Public
1283,Edmonton Christian West School,14345 McQueen Road NW,T5N3L5,EPSB WARD C,WARD 06,http://edmchristian.net,ecswest@epsb.ca,(780) 408-7948,K to Gr 9,,,No,-113.5688308,53.55557298,POINT (-113.568830788 53.5555729827),Public
7129,Grovenor School,10345 - 144 Street NW,T5N2V3,EPSB WARD C,WARD 06,http://grovenor.epsb.ca,grovenor@epsb.ca,(780) 455-0832,K to Gr 6,,PKP/BLA,Yes,-113.5684595,53.54502168,POINT (-113.568459482 53.5450216831),Public
7237,Callingwood Elementary School,17335 - 76 Avenue NW,T5T2B1,EPSB WARD E,WARD 05,http://callingwood.epsb.ca,callingwood@epsb.ca,(780) 487-0727,K to Gr 6,,PKP/BLA,No,-113.6228502,53.50870508,POINT (-113.622850243 53.50870508060001),Public
7544,Westmount School,11124 - 130 Street NW,T5M0J2,EPSB WARD C,WARD 02,http://westmountschool.ca,westmount@epsb.ca,(780) 452-8350,Gr 7-9,,OPP,No,-113.5468843,53.55968294,POINT (-113.54688428900002 53.559682936200005),Public
7229,Overlanders School,1150 Hermitage Road NW,T5A4L4,EPSB WARD B,WARD 04,http://overlanders.epsb.ca,overlanders@epsb.ca,(780) 476-3361,K to Gr 6,,BLA/OPP,No,-113.3891756,53.58130675,POINT (-113.389175599 53.5813067499),Public
7729,Rosecrest School,10205 - 134 Avenue NW,T5E1J2,EPSB WARD A,WARD 02,,instsrvs@epsb.ca,(780) 475-3565,K to Gr 12,,,No,-113.4960072,53.59409803,POINT (-113.496007244 53.5940980307),Public
7265,Weinlos School,2911 - 48 Street NW,T6L5T7,EPSB WARD I,WARD 12,http://weinlos.epsb.ca,weinlos@epsb.ca,(780) 462-5261,K to Gr 6,,BLA/OPP,Yes,-113.416301,53.46011093,POINT (-113.416300983 53.4601109262),Public
7254,Keheewin School,1910 - 105 Street NW,T6J5J8,EPSB WARD H,WARD 10,http://keheewin.epsb.ca,keheewin@epsb.ca,(780) 438-3874,K to Gr 6,,INT,No,-113.5015004,53.44904586,POINT (-113.501500405 53.44904585790001),Public
7722,Learning Store at Londonderry,2014 9499-137 Avenue NW,T5E5R8,EPSB WARD A,WARD 07,http://outreach.epsb.ca,lslondonderry@epsb.ca,(780) 457-3467,Gr 10-12,,,No,-113.4888542,53.59791294,POINT (-113.488854173 53.5979129376),Public
7255,Hillview School,355 Woodvale Road East NW,T6L5C3,EPSB WARD G,WARD 11,http://hillview.epsb.ca,hillview@epsb.ca,(780) 463-8108,K to Gr 6,,PKP,No,-113.4281363,53.46771114,POINT (-113.428136261 53.4677111433),Public
7249,Meyonohk School,1850 Lakewood Road South NW,T6K3Y5,EPSB WARD I,WARD 11,http://meyonohk.epsb.ca,meyonohk@epsb.ca,(780) 463-7627,K to Gr 6,BCH,,Yes,-113.4540417,53.4552352,POINT (-113.454041694 53.4552352013),Public
7204,Elmwood School,16325 - 83 Avenue NW,T5R3V8,EPSB WARD E,WARD 05,http://elmwood.epsb.ca,elmwood@epsb.ca,(780) 489-6749,K to Gr 6,SCA,PKP/ISP,Yes,-113.604687,53.51634289,POINT (-113.604686955 53.5163428888),Public
7575,Major General Griesbach School,320 Griesbach Road NW,T5E6R8,EPSB WARD A,WARD 02,http://griesbach.epsb.ca,griesbach@epsb.ca,(780) 456-9482,K to Gr 9,,,No,-113.4964642,53.6075656,POINT (-113.496464224 53.6075656011),Public
7701,Hospital School Campuses,10230 - 111 Avenue NW,T5G0B7,EPSB WARD C,WARD 02,https://epsb.ca/programs/specializedprograms/hospitalstaysandmedicalneeds/,glenrose@epsb.ca,(780) 735-7987,K to Gr 12,CAS,,No,-113.4960639,53.55935443,POINT (-113.496063946 53.5593544281),Public
7223,Malcolm Tweddle School,2340 Millbourne Road West NW,T6K1Y9,EPSB WARD G,WARD 11,http://malcolmtweddle.epsb.ca,mtweddle@epsb.ca,(780) 462-3270,K to Gr 6,COG,,No,-113.457652,53.47730894,POINT (-113.457651966 53.4773089408),Public
7180,Lansdowne School,12323 - 51 Avenue NW,T6H0M6,EPSB WARD F,WARD 10,http://lansdowne.epsb.ca,lansdowne@epsb.ca,(780) 434-3160,K to Gr 6,,PKP,Yes,-113.5455119,53.48766994,POINT (-113.545511929 53.4876699417),Public
7100,Abbott School,12045 - 34 Street NW,T5W1Z5,EPSB WARD D,WARD 07,http://abbott.epsb.ca,abbott@epsb.ca,(780) 477-7310,K to Gr 6,FDK,BLA/STR,Yes,-113.3927561,53.5743841,POINT (-113.392756053 53.5743841026),Public
7220,Grace Martin School,8210 - 36 Avenue NW,T6K0C7,EPSB WARD G,WARD 11,http://gmartin.epsb.ca,gmartin@epsb.ca,(780) 462-7121,K to Gr 6,SKC,LIT/OPP,No,-113.4566641,53.46925429,POINT (-113.456664076 53.4692542925),Public
7055,Victoria School,10210 - 108 Avenue NW,T5H1A8,EPSB WARD C,WARD 06,http://victoria.epsb.ca/,victoria@epsb.ca,(780) 426-3010,K to Gr 12,IBP/IBM/IB,,Yes,-113.4953462,53.5533424,POINT (-113.49534616400001 53.5533424048),Public
484,Amiskwaciy Academy,101 Airport Road NW,T5G3K2,EPSB WARD C,WARD 02,http://amiskwaciy.epsb.ca/,amiskwaciy@epsb.ca,(780) 424-1270,Gr 7-12,AMK,,No,-113.5232033,53.57096758,POINT (-113.523203322 53.5709675753),Public
7565,Ellerslie Campus,521-66 Street SW,T6X1A3,EPSB WARD I,WARD 12,http://ellerslie.epsb.ca,ellerslie@epsb.ca,(780) 988-5556,K to Gr 9,,,No,-113.4417622,53.42801029,POINT (-113.44176218000001 53.4280102932),Public
7267,LaPerle School,18715 - 97A Avenue NW,T5T4C1,EPSB WARD C,WARD 01,http://laperle.epsb.ca,laperle@epsb.ca,(780) 483-1864,K to Gr 6,,STR,Yes,-113.6458264,53.53330944,POINT (-113.64582641500002 53.5333094372),Public
1931,Hilwie Hamdon School,13815 - Cumberland Road NW,T6V1V4,EPSB WARD A,WARD 02,http://hilwiehamdon.epsb.ca,hilwiehamdon@epsb.ca,(587) 489-4712,K to Gr 9,,INT,Yes,-113.558242,53.6074839,POINT (-113.55824200700002 53.6074838962),Public
7216,Thorncliffe School,8215 - 175 Street NW,T5T0G9,EPSB WARD C,WARD 05,http://thorncliffe.epsb.ca,thorncliffe@epsb.ca,(780) 487-2061,K to Gr 6,,BLA/LIT,Yes,-113.6229807,53.51598611,POINT (-113.622980683 53.5159861129),Public
7213,Youngstown School,10330 - 163 Street NW,T5P3N5,EPSB WARD C,WARD 01,http://youngstown.epsb.ca,youngstown@epsb.ca,(780) 489-4600,K to Gr 6,FDK/LOG,PKP,Yes,-113.603005,53.54580766,POINT (-113.603005022 53.5458076595),Public
1455,Johnny Bright School,1331 Rutherford Road NW,T6W1P4,EPSB WARD H,WARD 09,http://johnnybright.epsb.ca/,johnnybright@epsb.ca,(780) 437-1341,K to Gr 9,,,No,-113.5348805,53.41928146,POINT (-113.534880543 53.4192814641),Public
7113,Calder School,12950 - 118 Street NW,T5E5L2,EPSB WARD A,WARD 02,http://calder.epsb.ca/,calder@epsb.ca,(780) 454-4313,K to Gr 6,BAR/FDK,BLA,No,-113.525571,53.58865768,POINT (-113.525571028 53.5886576768),Public
7264,Daly Grove School,1888 - 37 Street NW,T6L2R2,EPSB WARD I,WARD 12,http://dalygrove.epsb.ca,dalygrove@epsb.ca,(780) 450-1532,K to Gr 6,,INT,No,-113.3998572,53.44986355,POINT (-113.399857242 53.4498635546),Public
7066,Old Scona School,10523 - 84 Avenue NW,T6E2H5,EPSB WARD F,WARD 08,http://oldscona.epsb.ca,oldscona@epsb.ca,(780) 433-0627,Gr 10-12,ACA/IB,,No,-113.5019757,53.51977537,POINT (-113.501975651 53.519775373),Public
7205,Glendale School,9812 - 161 Street NW,T5P3H4,EPSB WARD E,WARD 01,http://glendale.epsb.ca,glendale@epsb.ca,(780) 489-4300,K to Gr 6,FDK,INT,No,-113.5995895,53.53637374,POINT (-113.599589522 53.5363737397),Public
7241,Steinhauer School,10717 - 32A Avenue NW,T6J4A6,EPSB WARD F,WARD 10,http://steinhauer.epsb.ca,steinhauer@epsb.ca,(780) 437-1080,K to Gr 6,,PKP/BLA/LIT,Yes,-113.5063456,53.46466265,POINT (-113.506345555 53.464662645),Public
7276,Bisset School,3020 - 37 Street NW,T6L5X1,EPSB WARD I,WARD 12,http://bisset.epsb.ca,bisset@epsb.ca,(780) 450-6536,K to Gr 6,,PKP,No,-113.3989634,53.4606054,POINT (-113.398963403 53.460605402000006),Public
7143,McArthur School,13535 - 134 Street NW,T5L1W3,EPSB WARD A,WARD 02,http://mcarthur.epsb.ca,mcarthur@epsb.ca,(780) 455-2728,K to Gr 6,,BLA/PKP/STR,No,-113.5514371,53.59765751,POINT (-113.55143709 53.5976575052),Public
7529,Parkallen School,6703 - 112 Street NW,T6H3J9,EPSB WARD F,WARD 10,http://parkallen.epsb.ca,parkallen@epsb.ca,(780) 434-8503,K to Gr 6,BCH,OPP,Yes,-113.5193463,53.50420538,POINT (-113.519346277 53.5042053849),Public
1924,Constable Daniel Woodall School,315 Windermere Road NW,T6W0V9,EPSB WARD H,WARD 09,http://constabledanielwoodall.epsb.ca,constabledanielwoodall@epsb.ca,(780) 944-2829,K to Gr 6,,,Yes,-113.6172979,53.43954046,POINT (-113.617297869 53.4395404605),Public
1951,Ivor Dent School,11010 - 32 Street NW,T5W1Y7,EPSB WARD D,WARD 07,http://ivordent.epsb.ca,ivordent@epsb.ca,(587) 489-4714,K to Gr 9,FDK,BLA,No,-113.3903114,53.56366712,POINT (-113.390311404 53.5636671203),Public
7570,T D Baker School,1750 Millwoods Road East NW,T6L5C5,EPSB WARD I,WARD 12,http://tdbaker.epsb.ca,tdbaker@epsb.ca,(780) 462-5496,Gr 7-9,,BLA/CHA/INT/OPP,No,-113.4052283,53.44793634,POINT (-113.405228321 53.4479363351),Public
7123,Forest Heights School,10304 - 81 Street NW,T6A3X4,EPSB WARD D,WARD 08,http://forestheights.epsb.ca,forest@epsb.ca,(780) 466-0312,K to Gr 6,BGE,,Yes,-113.4533524,53.54472479,POINT (-113.453352405 53.5447247894),Public
1927,Jan Reimer School,360 Orchard Boulevard SW,T6X2E1,EPSB WARD I,WARD 12,http://janreimer.epsb.ca,janreimer@epsb.ca,(587) 489-4716,K to Gr 9,,BLA,Yes,-113.4534422,53.40746822,POINT (-113.4534422 53.4074682197),Public
7153,Mount Royal School,11303 - 55 Street NW,T5W3P6,EPSB WARD D,WARD 07,http://mountroyal.epsb.ca/,mountroyal@epsb.ca,(780) 477-8202,K to Gr 6,ART,,Yes,-113.4254261,53.56875335,POINT (-113.425426142 53.5687533523),Public
7104,Athlone School,12940 - 129 Street NW,T5L1J3,EPSB WARD A,WARD 02,http://athlone.epsb.ca/,athlone@epsb.ca,(780) 455-5823,K to Gr 6,FDK,BLA,Yes,-113.5448401,53.58830211,POINT (-113.544840146 53.5883021136),Public
7212,Sherwood School,9550 - 152 Street NW,T5P0B9,EPSB WARD E,WARD 01,http://sherwood.epsb.ca,sherwood@epsb.ca,(780) 489-2600,K to Gr 6,FDK,OPP,Yes,-113.5836972,53.53285587,POINT (-113.583697172 53.5328558744),Public
7051,Eastglen School,11430 - 68 Street NW,T5B1P1,EPSB WARD D,WARD 07,http://eastglen.epsb.ca,eastglen@epsb.ca,(780) 479-1991,Gr 10-12,APL,CLS/INT,No,-113.4454981,53.56781417,POINT (-113.445498138 53.567814168700004),Public
7161,Prince Charles School,12325 - 127 Street NW,T5L0Z9,EPSB WARD C,WARD 02,http://princecharles.epsb.ca,pcharles@epsb.ca,(780) 455-5533,K to Gr 6,AWA/FDK,,No,-113.5401604,53.57857966,POINT (-113.540160401 53.5785796604),Public
7058,McNally School,8440 - 105 Avenue NW,T6A0B6,EPSB WARD D,WARD 08,http://mcnally.epsb.ca/,mcnally@epsb.ca,(780) 469-0442,Gr 10-12,BCH/IB,INT/STR,No,-113.4593675,53.54829216,POINT (-113.459367504 53.5482921551),Public
7138,Kildare School,7525 - 144 Avenue NW,T5C2R8,EPSB WARD B,WARD 07,http://kildare.epsb.ca,kildare@epsb.ca,(780) 476-5675,K to Gr 6,BCH,,No,-113.4570801,53.60642907,POINT (-113.457080056 53.606429067),Public
7224,Lee Ridge School,440 Millbourne Road East NW,T6K1Y8,EPSB WARD G,WARD 11,http://leeridge.epsb.ca,leeridge@epsb.ca,(780) 462-3230,K to Gr 6,,BLA/INT,No,-113.4446658,53.47125317,POINT (-113.444665833 53.471253168),Public
7250,Greenview School,5904 - 38 Avenue NW,T6L3P5,EPSB WARD G,WARD 11,http://greenview.epsb.ca,greenview@epsb.ca,(780) 462-0660,K to Gr 6,FIM,,No,-113.4279311,53.47384104,POINT (-113.427931112 53.47384103990001),Public
7553,Stratford Elementary/Junior High School,8715 - 153 Street NW,T5R1P1,EPSB WARD E,WARD 01,http://stratford.epsb.ca,stratford@epsb.ca,(780) 484-3381,K to Gr 9,COG,,Yes,-113.584737,53.52003386,POINT (-113.584736958 53.5200338552),Public
7197,Westbrook School,11915 - 40 Avenue NW,T6J0S1,EPSB WARD F,WARD 10,http://westbrook.epsb.ca,westbrook@epsb.ca,(780) 438-4200,K to Gr 6,,CHA,No,-113.5395419,53.47588075,POINT (-113.539541945 53.475880747),Public
7207,James Gibbons School,8945 - 153 Street NW,T5R1P1,EPSB WARD E,WARD 01,http://jgibbons.epsb.ca,jgibbons@epsb.ca,(780) 489-8020,K to Gr 6,TPM,,Yes,-113.5845974,53.52262328,POINT (-113.584597449 53.5226232835),Public
7201,Richard Secord School,4025 - 117 Street NW,T6J1T4,EPSB WARD F,WARD 10,http://rsecord.epsb.ca,rsecord@epsb.ca,(780) 436-9839,K to Gr 6,COG/FIM,,Yes,-113.5346256,53.47702232,POINT (-113.53462558200002 53.4770223185),Public
7253,Bannerman School,14112 - 23 Street NW,T5Y2B9,EPSB WARD B,WARD 04,http://bannerman.epsb.ca,bannerman@epsb.ca,(780) 478-7706,K to Gr 6,,ISP/STR,Yes,-113.3787147,53.60503,POINT (-113.37871467100001 53.605029997),Public
7269,Lymburn School,18710 - 72 Avenue NW,T5T4E9,EPSB WARD E,WARD 05,http://lymburn.epsb.ca,lymburn@epsb.ca,(780) 487-1777,K to Gr 6,COG,INT,Yes,-113.6467001,53.50560259,POINT (-113.646700126 53.5056025933),Public
7118,Delton School,12126 - 89 Street NW,T5B3W4,EPSB WARD D,WARD 07,http://delton.epsb.ca,delton@epsb.ca,(780) 477-8742,K to Gr 6,FDK,PKP/BLA/OPP,No,-113.4785028,53.5758487,POINT (-113.478502756 53.5758487049),Public
7186,Malmo School,4716 - 115 Street NW,T6H3N8,EPSB WARD F,WARD 10,http://malmo.epsb.ca,malmo@epsb.ca,(780) 434-1362,K to Gr 6,BAR,,Yes,-113.5291997,53.48522333,POINT (-113.52919974 53.4852233274),Public
7127,Gold Bar School,10524 - 46 Street NW,T6A1Y3,EPSB WARD D,WARD 08,http://goldbar.epsb.ca/,goldbar@epsb.ca,(780) 466-4116,K to Gr 6,,BLA,Yes,-113.4133851,53.54940948,POINT (-113.413385103 53.549409481),Public
7242,Lorelei School,16230 - 103 Street NW,T5X3A9,EPSB WARD A,WARD 03,http://lorelei.epsb.ca,lorelei@epsb.ca,(780) 456-4488,K to Gr 6,,INT/OPP,No,-113.5018692,53.62416365,POINT (-113.501869182 53.6241636534),Public
7574,Kate Chegwin School,3119 - 48 Street NW,T6L6P5,EPSB WARD I,WARD 12,http://katechegwin.epsb.ca,kchegwin@epsb.ca,(780) 469-0470,Gr 7-9,PAP,BLA/STR,No,-113.4150665,53.46258518,POINT (-113.415066453 53.4625851754),Public
7192,Afton School,16604 - 91 Avenue NW,T5R5A4,EPSB WARD E,WARD 01,http://afton.epsb.ca,afton@epsb.ca,(780) 484-3263,K to Gr 6,ART,,Yes,-113.6095805,53.52661921,POINT (-113.60958052800001 53.5266192051),Public
7557,Vernon Barford School,32 Fairway Drive NW,T6J2C1,EPSB WARD F,WARD 10,http://vbarford.epsb.ca,vbarford@epsb.ca,(780) 413-2211,Gr 7-9,,CHA/LIT,No,-113.5423226,53.47359199,POINT (-113.54232263 53.4735919923),Public
7531,Parkview School,14313 - 92 Avenue NW,T5R5B3,EPSB WARD E,WARD 01,http://parkview.epsb.ca,parkview@epsb.ca,(780) 483-3415,K to Gr 9,BCH/PAP,INT,No,-113.568468,53.5270171,POINT (-113.568467979 53.5270171038),Public
7193,Clara Tyner School,9420 Ottewell Road NW,T6B2E2,EPSB WARD G,WARD 08,http://claratyner.epsb.ca,claratyner@epsb.ca,(780) 469-5339,K to Gr 6,,,No,-113.4354656,53.53096417,POINT (-113.435465614 53.5309641686),Public
7115,Coronation School,10925 - 139 Street NW,T5M1P8,EPSB WARD C,WARD 06,http://coronation.epsb.ca,coronation@epsb.ca,(780) 455-2008,K to Gr 6,IBP,,Yes,-113.560816,53.5550956,POINT (-113.560815996 53.5550956037),Public
7281,Michael A Kostek Elementary School,5303 - 190 Street NW,T6M2L2,EPSB WARD E,WARD 05,http://michaelakostek.epsb.ca/,makostek@epsb.ca,(780) 489-7277,K to Gr 6,,,No,-113.6506412,53.48960175,POINT (-113.650641213 53.4896017516),Public
7505,Donnan School,7803 - 87 Street NW,T6C3G6,EPSB WARD G,WARD 11,http://donnan.epsb.ca,donnan@epsb.ca,(780) 466-8573,K to Gr 6,SPA,,Yes,-113.460702,53.51445764,POINT (-113.460702021 53.51445764420001),Public
7527,Oliver School,10227 - 118 Street NW,T5K2V4,EPSB WARD D,WARD 06,http://oliver.epsb.ca/,oliver@epsb.ca,(780) 488-1221,K to Gr 9,FIM/NMC,,Yes,-113.5246241,53.54381998,POINT (-113.524624103 53.5438199765),Public
1457,Florence Hallock School,16437 87 St NW,T5Z3X1,EPSB WARD A,WARD 03,http://florencehallock.epsb.ca/,florencehallock@epsb.ca,(780) 478-1410,K to Gr 9,,,No,-113.4743543,53.62702284,POINT (-113.474354261 53.6270228428),Public
7053,Ross Sheppard School,13546 - 111 Avenue NW,T5M2P2,EPSB WARD C,WARD 02,http://shep.epsb.ca,rsheppard@epsb.ca,(780) 448-5000,Gr 10-12,BCH/FIM/IB/SPA,CLS/INT,No,-113.5580803,53.55970205,POINT (-113.558080329 53.5597020515),Public
7236,Belmead School,9011 - 182 Street NW,T5T2Y9,EPSB WARD C,WARD 01,http://belmead.epsb.ca,belmead@epsb.ca,(780) 481-3314,K to Gr 6,FDK,INT,Yes,-113.6382297,53.5256838,POINT (-113.63822969600001 53.5256838013),Public
1933,Michael Phair School,9407 - 211 Street NW,T5T5X8,EPSB WARD C,WARD 01,http://michaelphair.epsb.ca,michaelphair@epsb.ca,(587) 489-4720,Gr 7-9,COG,,No,-113.6822079,53.53107121,POINT (-113.682207903 53.5310712082),Public
7538,Riverbend School,14820 - 53 Avenue NW,T6H4C2,EPSB WARD F,WARD 09,http://riverbend.epsb.ca,riverbend@epsb.ca,(780) 434-7914,Gr 7-9,,CHA,No,-113.577502,53.49103683,POINT (-113.577501997 53.4910368268),Public
7532,Steele Heights School,14607 - 59 Street NW,T5A1Y3,EPSB WARD B,WARD 04,http://eastglen.epsb.ca,eastglen@epsb.ca,(780) 479-1991,Gr 7-9,,BLA/CHA/STR,No,-113.4314967,53.60870251,POINT (-113.431496665 53.6087025076),Public
7704,Braemar School,9359 - 67A Street NW,T6B1R7,EPSB WARD G,WARD 08,http://braemar.epsb.ca,braemar@epsb.ca,(780) 468-3000,Gr 8-12,TER,,Yes,-113.4307705,53.53146816,POINT (-113.430770478 53.531468157),Public
1950,Donald R. Getty School,8102 Chappelle Way SW,T6W1A6,EPSB WARD H,WARD 09,http://donaldrgetty.epsb.ca,donaldrgetty@epsb.ca,(587) 489-4708,K to Gr 9,,OPP,Yes,-113.5851708,53.40246126,POINT (-113.585170769 53.4024612625),Public
1459,Elizabeth Finch School,13815 160 Ave NW,T6V0C9,EPSB WARD A,WARD 02,http://elizabethfinch.epsb.ca/,elizabethfinch@epsb.ca,(780) 457-2022,K to Gr 9,,,Yes,-113.5597029,53.62071347,POINT (-113.559702863 53.6207134706),Public
7141,Lauderdale School,10610 - 129 Avenue NW,T5E4V6,EPSB WARD A,WARD 02,http://lauderdale.epsb.ca,lauderdale@epsb.ca,(780) 475-8737,K to Gr 6,FDK,PKP/OPP/STR,No,-113.5036493,53.58776386,POINT (-113.503649279 53.5877638642),Public
7280,Velma E. Baker School,2845 - 43A Avenue NW,T6T1J9,EPSB WARD G,WARD 12,http://velmaebaker.epsb.ca/,vebaker@epsb.ca,(780) 440-4088,K to Gr 6,,,No,-113.3855474,53.48095762,POINT (-113.38554735300002 53.480957623),Public
7225,Caernarvon School,14820 - 118 Street NW,T5X1T4,EPSB WARD A,WARD 02,http://caernarvon.epsb.ca,caernarvon@epsb.ca,(780) 456-7020,K to Gr 6,BCH,,No,-113.5268227,53.61021106,POINT (-113.52682265 53.6102110641),Public
7184,Glengarry School,9211 - 135 Avenue NW,T5E1N7,EPSB WARD A,WARD 07,http://glengarry.epsb.ca,glengarry@epsb.ca,(780) 476-5373,K to Gr 6,BAR,,No,-113.4840734,53.59623325,POINT (-113.484073399 53.596233245),Public
7502,Balwin School,7055 - 132 Avenue NW,T5C2A7,EPSB WARD B,WARD 07,http://balwin.epsb.ca,balwin@epsb.ca,(780) 475-3646,K to Gr 9,FDK,PKP/INT/LIT/OPP,No,-113.4497862,53.59194519,POINT (-113.44978618 53.591945194),Public
7561,Edith Rogers School,8308 Millwoods Road NW,T6K1Y7,EPSB WARD G,WARD 11,http://edithrogers.epsb.ca,http://edithrogers.epsb.ca/,(780) 462-3310,Gr 7-9,COG,BLA/LIT/OPP,No,-113.4560681,53.47419232,POINT (-113.456068083 53.474192323),Public
7149,Mee-Yah-Noh School,9228 - 128A Avenue NW,T5E0J8,EPSB WARD A,WARD 07,http://meeyahnoh.epsb.ca,meeyahnoh@epsb.ca,(780) 475-1929,K to Gr 6,FDK,CLS/INT,Yes,-113.4842676,53.58723073,POINT (-113.48426759000002 53.587230733400006),Public
1934,Dr. Margaret-Ann Armour School,3815 Allan Drive SW,T6W0S7,EPSB WARD H,WARD 09,http://margaretannarmour.epsb.ca/,margaretannarmour@epsb.ca,(587) 489-4704,K to Gr 9,,INT,Yes,-113.6036697,53.42747156,POINT (-113.603669692 53.4274715624),Public
7535,Rosslyn School,13215 - 113A Street NW,T5E5B9,EPSB WARD A,WARD 02,http://rosslyn.epsb.ca,rosslyn@epsb.ca,(780) 453-1576,Gr 7-9,BCH/PAP,BLA/BAO/INT,No,-113.5159124,53.5924951,POINT (-113.515912358 53.5924950967),Public
7514,Holyrood School,7920 - 94 Avenue NW,T6C1W5,EPSB WARD G,WARD 08,http://holyrood.epsb.ca,holyrood@epsb.ca,(780) 466-2292,K to Gr 6,FIM,,No,-113.4485114,53.53116793,POINT (-113.448511422 53.5311679277),Public
7156,Norwood School,9520 - 111 Avenue NW,T5G0A6,EPSB WARD D,WARD 07,http://norwood.epsb.ca,norwood@epsb.ca,(780) 477-1002,K to Gr 6,FDK,PKP,No,-113.4877062,53.56033912,POINT (-113.487706163 53.5603391193),Public
1929,Shauna May Seneca School,2130 Wonnacott Way SW,T6X2C1,EPSB WARD I,WARD 12,http://shaunamayseneca.epsb.ca,shaunamayseneca@epsb.ca,(587) 489-4722,K to Gr 8,,,Yes,-113.4274983,53.41143015,POINT (-113.427498267 53.4114301502),Public
7052,Queen Elizabeth School,9425 - 132 Avenue NW,T5E0Y4,EPSB WARD A,WARD 07,http://queene.epsb.ca,queene@epsb.ca,(780) 476-8671,Gr 10-12,APL/BAR,ISP,No,-113.4882823,53.59102533,POINT (-113.488282294 53.59102533280001),Public
7262,Kirkness School,610 Kirkness Road NW,T5Y2K4,EPSB WARD B,WARD 04,http://kirkness.epsb.ca,kirkness@epsb.ca,(780) 473-5924,K to Gr 6,,,No,-113.3871824,53.61111202,POINT (-113.387182354 53.6111120178),Public
7198,York School,13915 - 61 Street NW,T5A1P3,EPSB WARD B,WARD 04,http://york.epsb.ca/,york@epsb.ca,(780) 476-6336,K to Gr 6,,PKP/CHA,Yes,-113.4351504,53.60138139,POINT (-113.435150402 53.6013813933),Public
7132,Hazeldean School,6715 - 97 Street NW,T6E3J9,EPSB WARD G,WARD 11,http://hazeldean.epsb.ca,hazeldean@epsb.ca,(780) 433-7583,K to Gr 6,,PKP,No,-113.4788134,53.50425484,POINT (-113.478813399 53.5042548389),Public
7178,Greenfield School,3735 - 114 Street NW,T6J2G6,EPSB WARD F,WARD 10,http://greenfield.epsb.ca,greenfield@epsb.ca,(780) 434-8581,K to Gr 6,FIM,,No,-113.5268494,53.4722638,POINT (-113.526849415 53.4722638011),Public
349,Argyll Home School Centre,6859 - 100 Avenue NW,T6A0G3,EPSB WARD D,WARD 08,http://argyll.epsb.ca,argyll@epsb.ca,(780) 465-1299,K to Gr 12,CAR,,No,-113.4344945,53.53972226,POINT (-113.434494524 53.5397222576),Public
7563,Dan Knott School,1434 - 80 Street NW,T6K2C6,EPSB WARD I,WARD 11,http://danknott.epsb.ca,danknott@epsb.ca,(780) 462-7954,Gr 7-9,PAP,LIT/STR/INT,No,-113.4548436,53.44555094,POINT (-113.45484364300002 53.4455509369),Public
7071,Jasper Place School,8950 - 163 Street NW,T5R2P2,EPSB WARD E,WARD 01,http://jasperplace.epsb.ca/,jasper@epsb.ca,(780) 408-9000,Gr 10-12,APL/IB,INT,No,-113.6036053,53.52532558,POINT (-113.60360534900002 53.5253255777),Public
7177,Virginia Park School,7324 - 109 Avenue NW,T5B0A1,EPSB WARD D,WARD 07,http://virginiapark.epsb.ca/,virginia@epsb.ca,(780) 477-8152,K to Gr 6,ART,,No,-113.4481825,53.56040623,POINT (-113.448182511 53.5604062257),Public
7275,Julia Kiniski School,4304 - 41 Avenue NW,T6L5Y6,EPSB WARD G,WARD 12,http://juliakiniski.epsb.ca,jkiniski@epsb.ca,(780) 462-4622,K to Gr 6,,BLA,No,-113.4061314,53.47756714,POINT (-113.406131401 53.4775671412),Public
7200,McLeod School,14807 - 59 Street NW,T5A1Y3,EPSB WARD B,WARD 04,http://mcleod.epsb.ca,mcleod@epsb.ca,(780) 478-2927,K to Gr 6,,,No,-113.4312441,53.61085408,POINT (-113.431244064 53.6108540816),Public
7542,Westglen School,10950 - 127 Street NW,T5M0S7,EPSB WARD C,WARD 06,http://westglen.epsb.ca,westglen@epsb.ca,(780) 454-3449,K to Gr 6,IBM,,Yes,-113.5416418,53.55472224,POINT (-113.541641814 53.5547222385),Public
7706,Institutional Services Schools,18621 - 127 Street NW,T6V1B1,EPSB WARD A,WARD 03,https://epsb.ca/programs/specializedprograms/youngoffenders/,kennedale@epsb.ca,(780) 408-8209,Gr 4-12,,,No,-113.5386185,53.64881013,POINT (-113.538618493 53.648810127),Public
7273,Fraser School,14904 - 21 Street NW,T5Y2L6,EPSB WARD B,WARD 04,http://fraser.epsb.ca,fraser@epsb.ca,(780) 472-0131,K to Gr 6,,INT,Yes,-113.3727316,53.61180674,POINT (-113.372731587 53.611806736700004),Public
7524,Mount Pleasant School,10541 - 60A Avenue NW,T6H1K4,EPSB WARD F,WARD 10,http://mountpleasant.epsb.ca,mpleasant@epsb.ca,(780) 434-6766,K to Gr 6,COG,,Yes,-113.5039365,53.49589576,POINT (-113.503936467 53.4958957632),Public
7911,Talmud Torah School,6320 - 172 Street NW,T5T6H1,EPSB WARD E,WARD 05,http://talmudtorahsociety.com,talmudt@epsb.ca,(780) 487-9290,K to Gr 9,BHE,,No,-113.6218021,53.49976785,POINT (-113.621802102 53.4997678517),Public
7137,Kensington School,13410 - 119 Street NW,T5E5N1,EPSB WARD A,WARD 02,http://kensington.epsb.ca,kensington@epsb.ca,(780) 455-1836,K to Gr 6,LOG,LIT/INT,No,-113.5274616,53.59527573,POINT (-113.527461554 53.5952757261),Public
7208,Lynnwood School,15451 - 84 Avenue NW,T5R3Y1,EPSB WARD E,WARD 05,http://lynnwood.epsb.ca,lynnwood@epsb.ca,(780) 489-4500,K to Gr 6,,CLB/CHA/CLS,Yes,-113.5878804,53.51690398,POINT (-113.587880372 53.5169039786),Public
7572,Mary Butterworth School,16315 - 109 Street NW,T5X2R2,EPSB WARD A,WARD 03,http://marybutterworth.epsb.ca/,mbutterworth@epsb.ca,(780) 476-1480,Gr 7-9,PAP,BLA/OPP,No,-113.5072594,53.62410515,POINT (-113.50725943800002 53.6241051474),Public
7730,Alberta School for the Deaf,6240 - 113 Street NW,T6H3L2,EPSB WARD F,WARD 10,http://asd.epsb.ca,abschdeaf@epsb.ca,(780) 439-3323,Gr 1-12,,DHH,No,-113.5242917,53.49972726,POINT (-113.524291742 53.4997272558),Public
7059,Harry Ainlay School,4350 - 111 Street NW,T6J1E8,EPSB WARD F,WARD 10,http://ainlay.ca,hainlay@epsb.ca,(780) 413-2700,Gr 10-12,FIM/IB,INT,No,-113.5186218,53.47924245,POINT (-113.51862182900001 53.4792424495),Public
7176,Patricia Heights School,16216 - 78 Avenue NW,T5R3E6,EPSB WARD E,WARD 05,http://patheights.epsb.ca,patriciah@epsb.ca,(780) 487-0550,K to Gr 6,,,No,-113.6027108,53.51100874,POINT (-113.60271079000002 53.5110087424),Public
7263,Crawford Plains School,4210 - 12 Avenue NW,T6L5V6,EPSB WARD I,WARD 12,http://crawford.epsb.ca,crawford@epsb.ca,(780) 463-7211,K to Gr 6,FIM,INT,No,-113.4055905,53.44103157,POINT (-113.405590535 53.441031572),Public
7248,Ormsby School,6323 - 184 Street NW,T5T3K1,EPSB WARD E,WARD 05,http://ormsby.epsb.ca,ormsby@epsb.ca,(780) 481-4646,K to Gr 6,,OPP/STR,Yes,-113.6392716,53.49810094,POINT (-113.639271591 53.4981009372),Public
7057,W P Wagner School,6310 Wagner Road NW,T6E4N5,EPSB WARD G,WARD 11,http://wpwagner.epsb.ca,wpwagner@epsb.ca,(780) 469-1315,Gr 10-12,APL/SPA,INT,No,-113.4498514,53.49994691,POINT (-113.449851412 53.4999469056),Public
7517,King Edward School,8530 - 101 Street NW,T6E3Z5,EPSB WARD F,WARD 08,http://kingedward.epsb.ca,kingedward@epsb.ca,(780) 439-2491,K to Gr 6,,INT,Yes,-113.4919323,53.52142449,POINT (-113.49193233 53.5214244871),Public
1022,Learning Store West Edmonton,9532 163 St NW,T5P 3M,EPSB WARD E,WARD 01,http://outreach.epsb.ca,lswested@epsb.ca,(780) 443-8072,Gr 10-12,,,No,-113.6038136,53.53251505,POINT (-113.603813614 53.5325150531),Public
7054,Strathcona School,10450 - 72 Avenue NW,T6E0Z6,EPSB WARD F,WARD 08,http://strathconaschool.ca,strathcona@epsb.ca,(780) 439-3957,Gr 10-12,APL/BGE/ISA,CLB,No,-113.4995793,53.50872624,POINT (-113.499579271 53.508726235900006),Public
7259,Menisa School,933 Knottwood Road South NW,T6K3Y9,EPSB WARD I,WARD 11,http://menisa.epsb.ca,menisa@epsb.ca,(780) 463-8474,K to Gr 6,,INT,No,-113.4488828,53.44265027,POINT (-113.448882815 53.442650268),Public
1926,Dr. Lila Fahlman School,680 Allard Boulevard SW,T6W3A2,EPSB WARD H,WARD 09,http://lilafahlman.epsb.ca,lilafahlman@epsb.ca,(587) 489-4710,K to Gr 9,,,Yes,-113.5352535,53.39928113,POINT (-113.535253534 53.3992811305),Public
7215,Evansdale School,9303 - 150 Avenue NW,T5E2N7,EPSB WARD A,WARD 03,http://evansdale.epsb.ca,evansdale@epsb.ca,(780) 476-3331,K to Gr 6,FDK/BAR,PKP/BLA/BAO,Yes,-113.4841696,53.6104181,POINT (-113.48416958900002 53.6104180991),Public
7228,Belmont School,3310 - 132A Avenue NW,T5A3T1,EPSB WARD B,WARD 04,http://belmont.epsb.ca,belmont@epsb.ca,(780) 476-9590,K to Gr 6,LOG,CLS,No,-113.3927347,53.59338666,POINT (-113.392734672 53.5933866602),Public
1578,Michael Strembitsky School,4110 Savaryn Drive SW,T6X0Z5,EPSB WARD I,WARD 12,http://michaelstrembitsky.epsb.ca/,michaelstrembitsky@epsb.ca,(780) 392-3500,Gr 2-9,,,No,-113.4608466,53.41343039,POINT (-113.460846565 53.4134303852),Public
1003,Jackson Heights Elementary,311 Jackson Road NW,T6L6S7,EPSB WARD G,WARD 12,http://jacksonheights.epsb.ca/,jacksonheights@epsb.ca,(780) 465-9797,K to Gr 6,,INT,No,-113.4088346,53.48335814,POINT (-113.408834621 53.4833581364),Public
7218,Duggan School,10616 - 36A Avenue NW,T6J0C9,EPSB WARD F,WARD 10,http://duggan.epsb.ca,duggan@epsb.ca,(780) 434-0319,K to Gr 6,,PKP/INT/STR,Yes,-113.5051699,53.47161727,POINT (-113.50516993 53.4716172741),Public
7509,Garneau School,10925 - 87 Avenue NW,T6G0X4,EPSB WARD F,WARD 08,http://garneau.epsb.ca,garneau@epsb.ca,(780) 433-1390,K to Gr 6,SCA,,Yes,-113.5135704,53.52267002,POINT (-113.513570404 53.5226700159),Public
7772,Tevie Miller Heritage School Program,6240 - 113 Street NW,T6H3L2,EPSB WARD F,WARD 10,http://teviemillerheritage.epsb.ca,heritage@epsb.ca,(780) 436-0465,K to Gr 6,FDK,PKP,No,-113.5243323,53.49895709,POINT (-113.524332263 53.498957085),Public
7168,Riverdale School,8901 - 101 Avenue NW,T5H0B1,EPSB WARD D,WARD 06,http://riverdale.epsb.ca,riverdale@epsb.ca,(780) 425-7600,K to Gr 6,,,Yes,-113.4684273,53.54353438,POINT (-113.46842726000001 53.5435343756),Public
7170,Rutherford School,8620 - 91 Street NW,T6C3N2,EPSB WARD D,WARD 08,http://rutherford.epsb.ca,rutherford@epsb.ca,(780) 466-2891,K to Gr 6,,,Yes,-113.4691357,53.52229201,POINT (-113.469135694 53.5222920111),Public
7107,Belgravia School,11605 - 74 Avenue NW,T6G0G1,EPSB WARD F,WARD 08,http://belgravia.epsb.ca,belgravia@epsb.ca,(780) 435-5560,K to Gr 6,,,No,-113.5314946,53.50994551,POINT (-113.53149460500002 53.5099455076),Public
7534,Londonderry School,7104 - 144 Avenue NW,T5C2R4,EPSB WARD B,WARD 03,http://londonderry.epsb.ca,londonderry@epsb.ca,(780) 473-4560,Gr 7-9,BCH/PAP,OPP,No,-113.4498697,53.60606758,POINT (-113.449869707 53.6060675751),Public
17,Centre High,100 10310 102 Avenue NW,T5J5A2,EPSB WARD D,WARD 06,http://centrehigh.epsb.ca,centrehigh@epsb.ca,(780) 425-6753,Gr 10-12,,,No,-113.4986002,53.54332823,POINT (-113.49860020900002 53.5433282282),Public
7151,Montrose School,11931 - 62 Street NW,T5W4C7,EPSB WARD D,WARD 07,http://montrose.epsb.ca,montrose@epsb.ca,(780) 471-2358,K to Gr 6,FDK,BLA,No,-113.4361854,53.57272566,POINT (-113.436185441 53.5727256563),Public
7501,Avonmore School,7835 - 76 Avenue NW,T6C2N1,EPSB WARD G,WARD 11,http://avonmore.epsb.ca,avonmore@epsb.ca,(780) 466-2976,K to Gr 9,NMC,CLB/CLS,Yes,-113.4483273,53.51195239,POINT (-113.448327283 53.5119523899),Public
7126,Glenora School,13520 - 102 Avenue NW,T5N0N7,EPSB WARD C,WARD 06,http://glenora.epsb.ca,glenora@epsb.ca,(780) 452-4740,K to Gr 6,IBM,,No,-113.5554838,53.5439353,POINT (-113.555483812 53.5439353019),Public
7211,Rio Terrace Elementary School,7608 - 154 Street NW,T5R1R7,EPSB WARD E,WARD 05,http://rioterrace.epsb.ca,rioterrace@epsb.ca,(780) 481-6866,K to Gr 6,BGE/FIM,FIS,Yes,-113.5862098,53.50869533,POINT (-113.586209764 53.5086953268),Public
7210,Meadowlark School,9150 - 160 Street NW,T5R2J2,EPSB WARD E,WARD 01,http://meadowlark.epsb.ca,meadowlark@epsb.ca,(780) 489-5200,K to Gr 6,BCH,,Yes,-113.5951283,53.52629223,POINT (-113.595128276 53.5262922326),Public
7559,Dickinsfield School,14320 - 88A Street NW,T5E6B6,EPSB WARD A,WARD 07,http://dickinsfield.epsb.ca,dickinsfield@epsb.ca,(780) 476-4646,Gr 7-9,FIM,BLA/LIT/STR,No,-113.4775357,53.60521975,POINT (-113.477535668 53.6052197544),Public
7521,John A. McDougall School,10930 - 107 Street NW,T5H2Z4,EPSB WARD C,WARD 06,http://johnamcdougall.epsb.ca,mcdougall@epsb.ca,(780) 426-0205,K to Gr 6,FDK,PKP,Yes,-113.5054844,53.55552748,POINT (-113.50548438900002 53.5555274783),Public
7240,Homesteader School,4455 - 128 Avenue NW,T5A3M9,EPSB WARD B,WARD 04,http://homesteader.epsb.ca,homesteader@epsb.ca,(780) 478-1139,K to Gr 6,FDK,PKP/OPP,No,-113.4115319,53.58738221,POINT (-113.41153191 53.5873822127),Public
325,Transitions at the Y,10211 - 105 Street NW,T5J1E3,EPSB WARD D,WARD 06,http://outreach.epsb.ca,transitions.at.y@epsb.ca,(780) 429-5737,Gr 9-12,,,No,-113.4985389,53.57084932,POINT (-113.498538918 53.5708493247),Public
7569,Winterburn School,9527  Winterburn Road NW,T5T5X9,EPSB WARD C,WARD 01,http://winterburn.epsb.ca,winterburn@epsb.ca,(780) 447-3566,K to Gr 6,,,No,-113.6883972,53.53489321,POINT (-113.688397173 53.5348932145),Public
7239,Kameyosek School,250 Lakewood Road East NW,T6K3L4,EPSB WARD I,WARD 11,http://kameyosek.epsb.ca,kameyosek@epsb.ca,(780) 462-8724,K to Gr 6,COG,,No,-113.4414856,53.46077634,POINT (-113.441485567 53.4607763441),Public
1930,David Thomas King School,22707 - 97 Avenue NW,T5T5X7,EPSB WARD C,WARD 01,http://davidthomasking.epsb.ca,davidthomasking@epsb.ca,(587) 489-4706,K to Gr 9,,,Yes,-113.7068335,53.53645947,POINT (-113.706833505 53.5364594681),Public
7146,Brookside School,5504 - 143 Street NW,T6H4E5,EPSB WARD F,WARD 09,http://brookside.epsb.ca,brookside@epsb.ca,(780) 434-0464,K to Gr 6,,PKP/INT,Yes,-113.5680439,53.49219267,POINT (-113.568043944 53.4921926737),Public
7191,Northmount School,14020 - 88A Street NW,T5E3J4,EPSB WARD A,WARD 07,http://northmount.epsb.ca,northmount@epsb.ca,(780) 475-5162,K to Gr 6,COG,,Yes,-113.4767256,53.60359803,POINT (-113.476725556 53.6035980296),Public
7171,Scott Robertson School,13515 - 107 Street NW,T5E4W3,EPSB WARD A,WARD 02,http://scottrobertson.epsb.ca,srobertson@epsb.ca,(780) 475-3565,K to Gr 6,FDK,PKP/ISP,No,-113.504545,53.59688239,POINT (-113.504545006 53.596882392),Public
7905,Edmonton Christian High School,14304-109 Avenue NW,T5N1H6,EPSB WARD C,WARD 06,http://edmchristian.net,ecssh@epsb.ca,(780) 408-7945,Gr 10-12,APL,,No,-113.5682882,53.55465915,POINT (-113.568288161 53.5546591481),Public
7702,L Y Cairns School,10510 - 45 Avenue NW,T6H0A1,EPSB WARD F,WARD 10,http://lycairns.epsb.ca/,lycairns@epsb.ca,(780) 434-9561,Gr 7-12,,OPP,No,-113.5007944,53.48371587,POINT (-113.50079444600001 53.4837158683),Public
7164,Queen Alexandra School,7730 - 106 Street NW,T6E4W3,EPSB WARD F,WARD 08,http://queenalexandra.epsb.ca,queenalex@epsb.ca,(780) 439-2516,K to Gr 6,LOG,,Yes,-113.5045827,53.5138132,POINT (-113.504582698 53.5138131992),Public
7523,McKernan School,11330 - 76 Avenue NW,T6G0K1,EPSB WARD F,WARD 08,http://mckernan.epsb.ca,mckernan@epsb.ca,(780) 435-4163,K to Gr 9,FIM/ISA/LFI/PAP,EXT,No,-113.5250443,53.51292101,POINT (-113.525044296 53.5129210122),Public
7226,Brander Gardens School,14865 - 56 Avenue NW,T6H5G2,EPSB WARD F,WARD 09,http://brandergardens.epsb.ca,brander@epsb.ca,(780) 436-6740,K to Gr 6,FIM,,Yes,-113.5769208,53.49342987,POINT (-113.576920765 53.4934298721),Public
7707,Aspen Program,11031 - 154 Street NW,T5P2K2,EPSB WARD C,WARD 01,,woodside@epsb.ca,(780) 457-2485,Gr 2-12,,BLA,No,-113.5867475,53.55690029,POINT (-113.586747528 53.5569002932),Public
7128,Grandview Heights School,6225 - 127 Street NW,T6H3W8,EPSB WARD F,WARD 10,http://grandview.epsb.ca,grandview@epsb.ca,(780) 434-1502,Gr 1-9,ACA,,No,-113.5466221,53.49970547,POINT (-113.546622058 53.4997054681),Public
7518,Laurier Heights School,8210 - 142 Street NW,T5R0L9,EPSB WARD E,WARD 05,http://laurierheights.ca,laurier@epsb.ca,(780) 483-5352,K to Gr 9,FIM,EXT,Yes,-113.5662293,53.51692863,POINT (-113.566229312 53.5169286277),Public
7233,Ekota School,1395 - Knottwood Road East NW,T6K2P5,EPSB WARD I,WARD 11,http://ekota.epsb.ca,ekota@epsb.ca,(780) 462-5112,K to Gr 6,,PKP/STR,Yes,-113.4408658,53.44911259,POINT (-113.440865808 53.4491125932),Public
7050,Vimy Ridge,8205 - 90 Avenue NW,T6C1N8,EPSB WARD G,WARD 08,http://vimyridge.epsb.ca,vimyridge@epsb.ca,(780) 465-5461,Gr 7-12,DAN/SPA/VRP,ISP,No,-113.4527037,53.52409527,POINT (-113.452703708 53.5240952736),Public
7513,Highlands School,11509 - 62 Street NW,T5W4C2,EPSB WARD D,WARD 07,http://highlands.epsb.ca/,highlands@epsb.ca,(780) 479-4206,Gr 7-9,ART/PAP,BLA/STR,No,-113.4353628,53.56951029,POINT (-113.435362821 53.569510288),Public
7545,Westlawn School,9520 - 165 Street NW,T5P3S4,EPSB WARD E,WARD 01,http://westlawn.epsb.ca,westlawn@epsb.ca,(780) 484-3456,Gr 7-9,,BLA/ISP/STR,No,-113.6079318,53.53232676,POINT (-113.60793183600002 53.5323267551),Public
7150,Mill Creek School,9735 - 80 Avenue NW,T6E1S8,EPSB WARD G,WARD 11,http://millcreek.epsb.ca,millcreek@epsb.ca,(780) 433-5746,K to Gr 6,ISA,,Yes,-113.4812837,53.5154334,POINT (-113.481283697 53.5154333966),Public
7503,Crestwood School,9735 - 144 Street NW,T5N2T3,EPSB WARD E,WARD 01,http://crestwood.epsb.ca,crestwood@epsb.ca,(780) 452-4525,K to Gr 9,ACA,CHA,No,-113.5706892,53.53510275,POINT (-113.57068924300002 53.5351027489),Public
7258,Pollard Meadows School,1715 - 48 Street NW,T6L3J6,EPSB WARD I,WARD 12,http://pollardmeadows.epsb.ca,pollard@epsb.ca,(780) 463-8680,K to Gr 6,COG,,No,-113.4133786,53.44867626,POINT (-113.41337855 53.4486762578),Public
7257,Meyokumin School,5703 - 19A Avenue NW,T6L4J8,EPSB WARD I,WARD 11,http://meyokumin.epsb.ca,meyokumin@epsb.ca,(780) 463-8409,K to Gr 6,COG,,No,-113.4278516,53.45025023,POINT (-113.427851578 53.4502502348),Public
7260,Centennial School,17420 - 57 Avenue NW,T6M1K4,EPSB WARD E,WARD 05,http://centennial.epsb.ca,centennial@epsb.ca,(780) 481-5590,K to Gr 6,,,No,-113.6248434,53.49364826,POINT (-113.624843448 53.4936482601),Public
7246,Dunluce School,11735 - 162 Avenue NW,T5X4M6,EPSB WARD A,WARD 03,http://dunluce.epsb.ca,dunluce@epsb.ca,(780) 456-9080,K to Gr 6,FIM,,No,-113.5275473,53.62220282,POINT (-113.527547308 53.6222028196),Public
7537,Spruce Avenue School,11424 - 102 Street NW,T5G2E7,EPSB WARD C,WARD 02,http://spruceavenue.epsb.ca/,spruceave@epsb.ca,(780) 479-0155,Gr 7-9,,BLA/LIT,No,-113.4961571,53.56500978,POINT (-113.496157078 53.5650097768),Public
7571,S Bruce Smith School,5545 - 184 Street NW,T6M2L9,EPSB WARD E,WARD 05,http://sbrucesmith.epsb.ca/,sbsmith@epsb.ca,(780) 444-4946,Gr 7-9,PAP,OPP/STR,No,-113.6395147,53.49115346,POINT (-113.639514682 53.4911534581),Public
7109,Belvedere School,13359 - 62 Street NW,T5A0V5,EPSB WARD B,WARD 04,http://belvedere.epsb.ca/,belvedere@epsb.ca,(780) 476-2022,K to Gr 6,FDK,,No,-113.4360151,53.59494746,POINT (-113.43601512300002 53.5949474619),Public
7189,Waverley School,6825 - 89 Avenue NW,T6B0N3,EPSB WARD G,WARD 08,http://waverley.epsb.ca,waverley@epsb.ca,(780) 469-6682,K to Gr 6,,PKP,Yes,-113.4335325,53.52392963,POINT (-113.433532533 53.5239296305),Public
7546,Kenilworth School,7005 - 89 Avenue NW,T6B0N3,EPSB WARD G,WARD 08,http://kenilworth.epsb.ca,kenilworth@epsb.ca,(780) 466-2104,Gr 7-9,FIM,BLA/LIT,No,-113.4356424,53.52388909,POINT (-113.43564237800001 53.523889094400005),Public
7234,Aldergrove School,8525 - 182 Street NW,T5T1X1,EPSB WARD C,WARD 01,http://aldergrove.epsb.ca/,aldergrove@epsb.ca,(780) 487-5182,K to Gr 6,,BLA,No,-113.6361956,53.51842255,POINT (-113.636195606 53.5184225509),Public
1344,Lillian Osborne High School,15312 23 Avenue NW,T6R0R8,EPSB WARD H,WARD 09,http://lillianosborne.epsb.ca,lillianosborne@epsb.ca,(780) 391-2450,Gr 10-12,BCH/IB,INT,No,-113.5798425,53.4573404,POINT (-113.579842466 53.457340398),Public
7209,Mayfield School,10950 - 159 Street NW,T5P3C1,EPSB WARD C,WARD 01,http://mayfield.epsb.ca,mayfield@epsb.ca,(780) 489-5100,K to Gr 6,FDK,PKP/INT,Yes,-113.5952894,53.55570448,POINT (-113.595289395 53.5557044765),Public
7512,Hardisty School,10534 - 62 Street NW,T6A2M3,EPSB WARD D,WARD 08,http://hardisty.epsb.ca,hardisty@epsb.ca,(780) 469-0426,K to Gr 9,LOG,EXT/INT/ISP,Yes,-113.4287328,53.54832658,POINT (-113.428732814 53.5483265832),Public
1928,Svend Hansen School,2130 - 16 Avenue NW,T6T2C1,EPSB WARD I,WARD 12,http://svendhansen.epsb.ca,svendhansen@epsb.ca,(587) 489-4724,K to Gr 9,,,Yes,-113.3739774,53.44557997,POINT (-113.37397735800002 53.4455799716),Public
7075,J Percy Page School,2707 Millwoods Road NW,T6K3Z3,EPSB WARD I,WARD 11,http://jpercypage.epsb.ca/,jpercypage@epsb.ca,(780) 462-3322,Gr 10-12,APL,ISP,No,-113.4467566,53.45640476,POINT (-113.446756578 53.4564047605),Public
7063,M. E. LaZerte School,6804 - 144 Avenue NW,T5C3C7,EPSB WARD B,WARD 03,http://www.melazerte.com,melazerte@epsb.ca,(780) 408-9800,Gr 10-12,BCH/IB,INT/ISP,No,-113.4440633,53.60575134,POINT (-113.444063339 53.6057513439),Public
1456,Dr. Donald Massey School,5435 162 Avenue NW,T5Y0E8,EPSB WARD B,WARD 04,http://donaldmassey.epsb.ca/,donaldmassey@epsb.ca,(780) 457-5435,K to Gr 9,,,No,-113.4211452,53.62305664,POINT (-113.421145155 53.6230566388),Public
7106,Beacon Heights School,4610 - 121 Avenue NW,T5W1M8,EPSB WARD D,WARD 07,http://beaconheights.epsb.ca,beacon@epsb.ca,(780) 479-4038,K to Gr 6,FDK,PKP,No,-113.4139551,53.57547843,POINT (-113.413955146 53.575478433),Public
7528,Ottewell School,9435 - 73 Street NW,T6B2A9,EPSB WARD G,WARD 08,http://ottewell.epsb.ca,ottewell@epsb.ca,(780) 466-7331,Gr 7-9,BCH,CLB/CHA/CLS,No,-113.4392838,53.53159937,POINT (-113.439283809 53.5315993673),Public
18,The Academy at King Edward,8525-101 Street NW,T6E3Z4,EPSB WARD F,WARD 08,http://kingedward.epsb.ca,academy@epsb.ca,(780) 439-1368,Gr 2-12,,STR,No,-113.4905169,53.5215256,POINT (-113.490516929 53.5215255993),Public
7279,George H Luck School,300 Bulyea Road NW,T6R2L4,EPSB WARD F,WARD 09,http://georgehluck.epsb.ca/,ghluck@epsb.ca,(780) 438-5011,K to Gr 6,,BLA,No,-113.5723695,53.47378607,POINT (-113.572369473 53.473786069700004),Public
1460,Esther Starkman School,2717 Terwillegar Way NW,T6R0G5,EPSB WARD H,WARD 09,http://estherstarkman.epsb.ca/,estherstarkman@epsb.ca,(780) 439-2717,K to Gr 9,,,Yes,-113.5739084,53.44624751,POINT (-113.573908358 53.446247509),Public
1935,Roberta MacAdams School,2099 Blackmud Creek Drive SW,T6W1T7,EPSB WARD H,WARD 09,http://robertamacadams.epsb.ca/,Robertamacadams@epsb.ca,(587) 489-4700,K to Gr 6,,,Yes,-113.5153835,53.42061698,POINT (-113.515383531 53.4206169808),Public
7136,Inglewood School,11515 - 127 Street NW,T5M0V4,EPSB WARD C,WARD 02,http://inglewood.epsb.ca,inglewood@epsb.ca,(780) 455-4673,K to Gr 6,FDK,,Yes,-113.5404654,53.56608735,POINT (-113.540465369 53.5660873526),Public
1925,Kim Hung School,1950 Glastonbury Boulevard NW,T5T6M6,EPSB WARD E,WARD 05,http://kimhung.epsb.ca,kimhung@epsb.ca,(587) 489-4718,K to Gr 8,,,Yes,-113.6831185,53.50259564,POINT (-113.683118453 53.5025956363),Public
386,Learning Store on Whyte,10007 - 82 Avenue NW,T6E1Z2,EPSB WARD G,WARD 11,http://outreach.epsb.ca,lswhyte@epsb.ca,(780) 437-8119,Gr 10-12,,,No,-113.4893353,53.51774186,POINT (-113.489335288 53.5177418582),Public
7552,Hillcrest School,16400 - 80 Avenue NW,T5R3M6,EPSB WARD E,WARD 05,http://hillcrest.epsb.ca,hillcrest@epsb.ca,(780) 489-2516,Gr 7-9,,LIT/OPP,No,-113.6043681,53.51432772,POINT (-113.604368104 53.5143277189),Public
7543,Westminster School,13712 - 104 Avenue NW,T5N0W4,EPSB WARD C,WARD 06,http://westminster.epsb.ca,westminster@epsb.ca,(780) 452-4343,Gr 7-9,IBM,BLA/STR,No,-113.5588993,53.54653486,POINT (-113.558899348 53.5465348617),Public
7214,John Barnett School,14840 - 72 Street NW,T5C3E5,EPSB WARD B,WARD 03,http://johnbarnett.epsb.ca/,jbarnett@epsb.ca,(780) 478-1351,K to Gr 6,,PKP,No,-113.4498333,53.61007618,POINT (-113.449833275 53.6100761844),Public
8407,St. Joseph,10830 109 ST NW,T5H 3C1,75,,https://www.ecsd.net/schools/8407/Pages/default.aspx,8407web@ecsd.net,,Grade 10 to Grade 12,"Career Skills Centre,International Baccalaureate - Diploma Programme,International Baccalaureate - Career Related Programme,Guided Customized Learning (GCL),Spanish Language and Culture, Italian Language and Culture,Nehiyaw Pimatisiwin Cree",,,-113.5094603,53.5538756,,Catholic
8049,Anne Fitzgerald,699 CLAREVIEW RD NW,T5A 4G3,73,,http://www.annefitzgerald.ecsd.net,8049web@ecsd.net,,Kindergarten to Grade 6,Full Day Kindergarten,,,-113.3837889,53.5944903,,Catholic
8032,St. Stanislaus,3855 114 ST NW,T6J 1M3,76,,https://www.ecsd.net/schools/8032/Pages/default.aspx,8032web@ecsd.net,,Kindergarten to Grade 6,French Immersion,,,-113.52595,53.4743073,,Catholic
8402,Austin O'Brien,6110 95 AVE NW,T6B 1A5,75,,http://www.austinobrien.ecsd.net,8402web@ecsd.net,,Grade 10 to Grade 12,"Advanced Placement,International Languages Program,Polish Bilingual, Ukrainian Bilingual,Spanish Bilingual,Spanish Language and Culture",,,-113.4264182,53.5354056,,Catholic
2385,CCAC City-Centre,1 SIR WINSTON CHURCHILL SQUARE NW,T5J 0R2,75,,https://www.ecsd.net/8412/page/1846/cardinal-collins-catholic-academic-centres,8412web@ecsd.net,,Grade 9 to Grade 12,,,,-113.4905859,53.54456068,,Catholic
8231,St. Clement,7620 MILL WOODS RD NW,T6K 2P7,77,,http://www.stclement.ecsd.net,8231web@ecsd.net,,Kindergarten to Grade 9,"International Baccalaureate - Primary Years Programme,International Baccalaureate - Middle Years Programme",,,-113.4498432,53.4461906,,Catholic
8207,Sir John Thompson,13525 132 AVE NW,T5L 3R6,71,,http://www.sirjohnthompson.ecsd.net,8207web@ecsd.net,,Grade 7 to Grade 9,Enhanced Academic Program (EAP),,,-113.5548917,53.5919354,,Catholic
8202,Holy Child,9844 110 ST NW,T5K 1J2,75,,http://www.holychild.ecsd.net,8202web@ecsd.net,,Kindergarten to Grade 6,"French Immersion,Spanish Bilingual",,,-113.5108011,53.5367981,,Catholic
1430,Mother Margaret Mary,2010 LEGER RD NW,T6R 0R9,76,,https://www.ecsd.net/schools/1430/Pages/default.aspx,1430web@ecsd.net,,Grade 10 to Grade 12,"Advanced Placement,Spanish Language and Culture",,,-113.579493,53.458824,,Catholic
8203,Holy Cross,15120 104 AVE NW,T5P 0R5,71,,https://www.ecsd.net/schools/8203/Pages/default.aspx,8203web@ecsd.net,,Kindergarten to Grade 9,"French Immersion,Enhanced Academic Program (EAP)",,,-113.5823307,53.5468062,,Catholic
1970,St. Brendan,9260 58 ST NW,T6B 3W2,75,,http://stbrendan.ecsd.net/,1970web@ecsd.net,,Kindergarten to Grade 9,"Full Day Kindergarten,Spanish Bilingual,Ukrainian Bilingual,Spanish Language and Culture",,,-113.424949,53.529481,,Catholic
8287,Cardinal Leger,8808 144 AVE NW,T5E 3G7,72,,http://www.cardinalleger.ecsd.net,8287web@ecsd.net,,Grade 7 to Grade 9,"Italian Language and Culture,Enhanced Academic Program (EAP)",,,-113.4763083,53.6065591,,Catholic
8025,Father Michael Troy,3630 23 ST NW,T6T 1W7,77,,http://www.fathermichaeltroy.ecsd.net,8025web@ecsd.net,,Grade 7 to Grade 9,,,,-113.3776866,53.4721753,,Catholic
8042,St. Anne,14105 94 ST NW,T5E 6B2,72,,http://www.stanne.ecsd.net,8042web@ecsd.net,,Kindergarten to Grade 6,Full Day Kindergarten,,,-113.4852063,53.603873,,Catholic
8045,St. Timothy,14330 117 ST NW,T5X 1S6,71,,https://www.ecsd.net/schools/8045/Pages/default.aspx,8045web@ecsd.net,,Kindergarten to Grade 6,,,,-113.5241066,53.6058245,,Catholic
8020,St. Dominic,5804 144 AVE NW,T5A 1K5,73,,http://www.stdominic.ecsd.net,8020web@ecsd.net,,Kindergarten to Grade 6,,,,-113.433171,53.6064661,,Catholic
8237,St. Mary,490 RHATIGAN RD NW,T6R 2E2,76,,https://www.ecsd.net/schools/8237/Pages/default.aspx,8237web@ecsd.net,,Kindergarten to Grade 6,,,,-113.5851541,53.475556,,Catholic
8200,J.J. Bowlen,6110 144 AVE NW,T5A 1K5,73,,http://www.jjbowlen.ecsd.net,8200web@ecsd.net,,Grade 7 to Grade 9,,,,-113.4364,53.605272,,Catholic
8037,St. Philip,8720 144 AVE NW,T5E 3G7,72,,https://www.ecsd.net/schools/8037/Pages/default.aspx,8037web@ecsd.net,,Kindergarten to Grade 6,Italian Language and Culture,,,-113.4747591,53.6067707,,Catholic
8405,St. Francis Xavier,9250 163 ST NW,T5R 0A7,74,,http://www.stfrancisxavier.ecsd.net,8405web@ecsd.net,,Grade 10 to Grade 12,"Advanced Placement,Spanish Language and Culture,Baseball Academy,Golf Academy,Hockey Academy,Lacrosse Academy,Soccer Academy",,,-113.6034119,53.5297893,,Catholic
8051,St. Teresa,11350 25 AVE NW,T6J 5B1,76,,https://www.ecsd.net/schools/8051/Pages/default.aspx,8051web@ecsd.net,,Kindergarten to Grade 6,Spanish Bilingual,,,-113.5270738,53.457387,,Catholic
8001,Annunciation,9325 165 ST NW,T5R 2S5,74,,https://www.ecsd.net/schools/8001/Pages/default.aspx,8001web@ecsd.net,,Kindergarten to Grade 6,"International Baccalaureate - Primary Years Programme,Full Day Kindergarten",,,-113.6065415,53.5302343,,Catholic
8047,St. Maria Goretti,4214 127 AVE NW,T5A 3K6,73,,https://www.ecsd.net/schools/8047/Pages/default.aspx,8047web@ecsd.net,,Kindergarten to Grade 6,Full Day Kindergarten,,,-113.4078483,53.5855406,,Catholic
8214,Ben Calf Robe - St. Clare,11833 64 ST NW,T5W 4J2,73,,https://www.ecsd.net/schools/8214/Pages/default.aspx,8214web@ecsd.net,,Kindergarten to Grade 9,"Full Day Kindergarten,First Nations Metis and Inuit Education, Nehiyaw Pimatisiwin Cree",,,-113.4391147,53.571454,,Catholic
8230,St. Elizabeth Seton,3711 135 AVE NW,T5A 2V6,73,,http://www.stelizabethseton.ecsd.net,8230web@ecsd.net,,Kindergarten to Grade 9,"Full Day Kindergarten,Enhanced Academic Program (EAP),Spanish Language and Culture",,,-113.396972,53.5953623,,Catholic
8226,St. Pius X,12214 128 ST NW,T5L 1C5,71,,https://www.ecsd.net/schools/8226/Pages/default.aspx,8226web@ecsd.net,,Kindergarten to Grade 6,Full Day Kindergarten,,,-113.5434079,53.5775229,,Catholic
8410,J.H. Picard,7055 99 ST NW,T6E 3R4,75,,https://www.ecsd.net/schools/8410/Pages/default.aspx,8410web@ecsd.net,,Kindergarten to Grade 12,"French Immersion,Advanced Placement",,,-113.4853819,53.5074855,,Catholic
8205,Our Lady of Mount Carmel,10524 76 AVE NW,T6E 1L3,75,,http://www.ourladyofmountcarmel.ecsd.net,8205web@ecsd.net,,Kindergarten to Grade 6,"Full Day Kindergarten,Fine Arts,Hockey Academy,Recreation Academy,Soccer Academy,Elite Athletes Academy, Green STEM",,,-113.5014057,53.512758,,Catholic
8040,St. Justin,8405 175 ST NW,T5T 0G9,74,,http://www.stjustin.ecsd.net,8040web@ecsd.net,,Kindergarten to Grade 6,Full Day Kindergarten,,,-113.6229303,53.51752,,Catholic
8236,Frere Antoine,2850 MILL WOODS RD NW,T6K 4A1,77,,http://www.frereantoine.ecsd.net,8236web@ecsd.net,,Kindergarten to Grade 6,French Immersion,,,-113.4490807,53.4597342,,Catholic
8409,Louis St. Laurent,11230 43 AVE NW,T6J 0X8,76,,http://www.louisstlaurent.ecsd.net,8409web@ecsd.net,,Grade 7 to Grade 12,"Fine Arts,Spanish Bilingual,Spanish Language and Culture,Hockey Academy, Recreation Academy",,,-113.5224385,53.4797364,,Catholic
8228,St. Thomas More,9610 165 ST NW,T5P 3S6,71,,http://www.stthomasmore.ecsd.net,8228web@ecsd.net,,Grade 7 to Grade 9,"International Baccalaureate - Middle Years Programme,Spanish Language and Culture,Nehiyaw Pimatisiwin Cree,Baseball Academy,Hockey Academy,Soccer Academy,Elite Athletes Academy",,,-113.6068029,53.5335579,,Catholic
8044,St. Hilda,7630 38 AVE NW,T6K 2N2,77,,http://www.sthilda.ecsd.net,8044web@ecsd.net,,Grade 7 to Grade 9,"Enhanced Academic Program (EAP),Spanish Language and Culture",,,-113.4513608,53.4737631,,Catholic
8048,Bishop Savaryn,16215 109 ST NW,T5X 2R2,72,,http://www.bishopsavaryn.ecsd.net,8048web@ecsd.net,,Kindergarten to Grade 6,French Immersion,,,-113.508386,53.6220012,,Catholic
8212,St. Catherine,10915 110 ST NW,T5H 3E3,75,,https://www.ecsd.net/schools/8212/Pages/default.aspx,8212web@ecsd.net,,Kindergarten to Grade 9,"Full Day Kindergarten,Year Round School",,,-113.5098483,53.5562182,,Catholic
8028,St. Martin,11310 51 AVE NW,T6H 0L7,75,,http://www.stmartin.ecsd.net,8028web@ecsd.net,,Kindergarten to Grade 6,"Ukrainian Bilingual,Ukrainian Dance",,,-113.5227512,53.4887561,,Catholic
2384,CCAC-Westmount,11625 125 ST NW,T5M 1L1,71,,https://www.ecsd.net/8412/page/1846/cardinal-collins-catholic-academic-centres,8412web@ecsd.net,,Grade 9 to Grade 12,,,,-113.5551916,53.56760789,,Catholic
8058,Our Lady of the Prairies,17655 64 AVE NW,T5T 4A6,74,,https://www.ecsd.net/schools/8058/Pages/default.aspx,8058web@ecsd.net,,Kindergarten to Grade 6,"French Immersion,Full Day Kindergarten",,,-113.6254916,53.4996539,,Catholic
8055,St. Lucy,11750 162 AVE NW,T5X 4L9,71,,https://www.ecsd.net/schools/8055/Pages/default.aspx,8055web@ecsd.net,,Kindergarten to Grade 6,,,,-113.5264738,53.6232317,,Catholic
8026,Archbishop Joseph MacNeil,750 LEGER WAY NW,T6R 3H4,76,,http://www.archbishopjosephmacneil.ecsd.net,8026web@ecsd.net,,Kindergarten to Grade 9,"Enhanced Academic Program (EAP),Spanish Language and Culture",,,-113.5770168,53.4600272,,Catholic
8043,Katherine Therrien,15040 118 ST NW,T5X 1Y7,71,,https://www.ecsd.net/schools/8043/Pages/default.aspx,8043web@ecsd.net,,Kindergarten to Grade 6,,,,-113.5271951,53.6120597,,Catholic
8060,Mary Hanley,3330 37 ST NW,T6L 5X1,77,,http://www.maryhanley.ecsd.net,8060web@ecsd.net,,Kindergarten to Grade 6,,,,-113.3997381,53.463219,,Catholic
8013,St. Angela,13430 132A ST NW,T5L 1S3,71,,https://www.ecsd.net/schools/8013/Pages/default.aspx,8013web@ecsd.net,,Kindergarten to Grade 6,Full Day Kindergarten,,,-113.550417,53.5956607,,Catholic
8022,St. Gerard,12415 85 ST NW,T5B 3H3,73,,https://www.ecsd.net/schools/8022/Pages/default.aspx,8022web@ecsd.net,,Kindergarten to Grade 6,Full Day Kindergarten,,,-113.4704066,53.580503,,Catholic
2266,Divine Mercy,2720 ORCHARDS ROAD SW,T6X 2N1,77,,https://www.ecsd.net/2266,2266web@ecsd.net,,Kindergarten to Grade 6,,,,-113.4530243,53.40545324,,Catholic
8061,Good Shepherd,18111 57 AVE NW,T6M 1W1,74,,https://www.ecsd.net/schools/8061/Pages/default.aspx,8061web@ecsd.net,,Kindergarten to Grade 6,,,,-113.6357429,53.4915674,,Catholic
8208,St. Alphonsus,11624 81 ST NW,T5B 2S2,73,,http://www.stalphonsus.ecsd.net,8208web@ecsd.net,,Kindergarten to Grade 9,"Full Day Kindergarten,Junior Achievement Leadership Centre,Year Round School",,,-113.4663814,53.567873,,Catholic
8041,St. Elizabeth,7712 36 AVE NW,T6K 1H7,77,,https://www.ecsd.net/schools/8041/Pages/default.aspx,8041web@ecsd.net,,Kindergarten to Grade 6,Full Day Kindergarten,,,-113.4514124,53.4688012,,Catholic
8411,Holy Trinity,7007 28 AVE NW,T6K 4A5,77,,http://www.holytrinity.ecsd.net,8411web@ecsd.net,,Grade 10 to Grade 12,"International Baccalaureate - Middle Years Programme,International Baccalaureate - Diploma Programme,Spanish Language and Culture",,,-113.4428497,53.457223,,Catholic
8238,St. Kateri,3807 41 AVE NW,T6L 6M3,77,,https://www.ecsd.net/schools/8238/Pages/default.aspx,8238web@ecsd.net,,Kindergarten to Grade 6,,,,-113.4008081,53.4763035,,Catholic
2383,CCAC-Mill Woods,7630 38 AVENUE NW,T6K 2P1,77,,https://www.ecsd.net/8412/page/1846/cardinal-collins-catholic-academic-centres,8412web@ecsd.net,,Grade 9 to Grade 12,,,,-113.4518076,53.47338095,,Catholic
8213,St. Cecilia,8830 132 AVE NW,T5E 0X8,72,,http://www.stcecilia.ecsd.net,8213web@ecsd.net,,Grade 7 to Grade 9,"Spanish Language and Culture,French Immersion",,,-113.4776964,53.5926948,,Catholic
8016,St. Bernadette,11917 40 ST NW,T5W 2L1,73,,https://www.ecsd.net/schools/8016/Pages/default.aspx,8016web@ecsd.net,,Kindergarten to Grade 6,Full Day Kindergarten,,,-113.4023174,53.5727199,,Catholic
8056,St. Richard,5704 MILL WOODS RD NW,T6L 3K9,77,,https://www.ecsd.net/schools/8056/Pages/default.aspx,8056web@ecsd.net,,Kindergarten to Grade 6,Green STEM Academy,,,-113.4277268,53.4461174,,Catholic
8223,St. Nicholas,3643 115 AVE NW,T5W 0V1,73,,http://www.stnicholas.ecsd.net,8223web@ecsd.net,,Grade 7 to Grade 9,"Fine Arts,Science Academy,Soccer Academy",,,-113.3990201,53.5673369,,Catholic
8050,St. Martha,7240 180 ST NW,T5T 3B1,74,,https://www.ecsd.net/schools/8050/Pages/default.aspx,8050web@ecsd.net,,Kindergarten to Grade 6,,,,-113.634696,53.5063346,,Catholic
1967,Bishop David Motiuk,855 Lewis Greens Drive NW,T5T 4B2,74,,https://www.ecsd.net/schools/1967/Pages/default.aspx,1967web@ecsd.net,,Kindergarten to Grade 9,"International Baccalaureate - Primary Years Programme, International Baccalaureate - Middle Years Programme",,,-113.678234,53.529277,,Catholic
8010,Our Lady of Peace,15911 110 AVE NW,T5P 1G2,71,,https://www.ecsd.net/schools/8010/Pages/default.aspx,8010web@ecsd.net,,Kindergarten to Grade 6,"Full Day Kindergarten,Nehiyaw Pimatisiwin Cree",,,-113.5952592,53.5557046,,Catholic
1971,St. Thomas Aquinas,420 DESROCHERS BOULEVARD SW,T6W 3J4,76,,https://www.ecsd.net/schools/1971/Pages/default.aspx,1971web@ecsd.net,,Kindergarten to Grade 9,,,,-113.554431,53.397826,,Catholic
8036,St. Jerome,3310 107 AVE NW,T5W 0C7,73,,https://www.ecsd.net/schools/8036/Pages/default.aspx,8036web@ecsd.net,,Kindergarten to Grade 6,"Full Day Kindergarten,Science Academy",,,-113.3928157,53.5610428,,Catholic
8403,Archbishop MacDonald,14219 109 AVE NW,T5N 1H5,71,,http://www.archbishopmacdonald.ecsd.net,8403web@ecsd.net,,Grade 10 to Grade 12,"International Baccalaureate - Middle Years Programme,International Baccalaureate - Diploma Programme,French Immersion,Spanish Language and Culture",,,-113.566291,53.554163,,Catholic
8039,St. Monica,14710 53 AVE NW,T6H 4C6,76,,http://www.stmonica.ecsd.net,8039web@ecsd.net,,Pre-Kindergarten,Pre-Kindergarten,,,-113.5741433,53.4909429,,Catholic
1429,Monsignor Fee Otterson,1834 RUTHERFORD RD SW,T6W 0N5,76,,http://www.monsignorfeeotterson.ecsd.net/,1429web@ecsd.net,,Kindergarten to Grade 9,Partners in Technology and Innovative Learning,,,-113.521557,53.418459,,Catholic
8232,St. Benedict,18015 93 AVE NW,T5T 1X5,74,,http://www.stbenedict.ecsd.net,8232web@ecsd.net,,Kindergarten to Grade 6,Hockey Academy,,,-113.6335446,53.5261888,,Catholic
8217,St. Gabriel,5540 106 AVE NW,T6A 1G3,75,,http://www.stgabriel.ecsd.net,8217web@ecsd.net,,Kindergarten to Grade 6,,,,-113.4242508,53.5510139,,Catholic
8003,Father Leo Green,7512 144 AVE NW,T5C 2R7,73,,https://www.ecsd.net/schools/8003/Pages/default.aspx,8003web@ecsd.net,,Kindergarten to Grade 6,"French Immersion, Spanish Bilingual",,,-113.4560058,53.6076026,,Catholic
8034,St. Vladimir,7510 132 AVE NW,T5C 2A9,73,,https://www.ecsd.net/schools/8034/Pages/default.aspx,8034web@ecsd.net,,Kindergarten to Grade 6,"Full Day Kindergarten, Pre-Kindergarten",,,-113.4562651,53.5927308,,Catholic
8054,St. Bonaventure,3004 139 AVE NW,T5Y 1R9,73,,https://www.ecsd.net/schools/8054/Pages/default.aspx,8054web@ecsd.net,,Kindergarten to Grade 6,Full Day Kindergarten,,,-113.3887423,53.6033109,,Catholic
8024,St. John Bosco,7411 161A AVE NW,T5Z 3V4,72,,http://www.stjohnbosco.ecsd.net,8024web@ecsd.net,,Kindergarten to Grade 6,,,,-113.4574732,53.6218484,,Catholic
1973,Corpus Christi,460 Watt Boulevard SW,T6X 1P6,77,,https://www.ecsd.net/schools/1973/Pages/default.aspx,1973web@ecsd.net,,Kindergarten to Grade 9,,,,-113.429453,53.420362,,Catholic
8053,John Paul I,5675 38 AVE NW,T6L 2Z1,77,,http://www.johnpauli.ecsd.net,8053web@ecsd.net,,Kindergarten to Grade 6,Spanish Bilingual,,,-113.4262808,53.4719661,,Catholic
2382,CCAC-Clareview,3802 139 AVE NW,T5Y 3G4,73,,https://www.ecsd.net/8412/page/1846/cardinal-collins-catholic-academic-centres,8412web@ecsd.net,,Grade 9 to Grade 12,,,,-113.4020298,53.60139704,,Catholic
8220,St. Leo,5412 121 AVE NW,T5W 1N9,73,,https://www.ecsd.net/schools/8220/Pages/default.aspx,8220web@ecsd.net,,Kindergarten to Grade 6,Full Day Kindergarten,,,-113.4253767,53.5755282,,Catholic
1427,Sister Annata Brockman,355 HEMINGWAY RD NW,T6M 0L7,74,,http://www.sisterannatabrockman.ecsd.net/,1427web@ecsd.net,,Kindergarten to Grade 9,Filipino Language and Culture,,,-113.679528,53.489526,,Catholic
8227,St. Rose,8815 145 ST NW,T5R 0T7,75,,http://www.strose.ecsd.net,8227web@ecsd.net,,Grade 7 to Grade 9,"Accelerated Math and Science,Spanish Language and Culture",,,-113.5697056,53.5212351,,Catholic
8011,Our Lady of Victories,7925 158 ST NW,T5R 2B9,74,,http://www.ourladyofvictories.ecsd.net,8011web@ecsd.net,,Kindergarten to Grade 6,Pre-Kindergarten,,,-113.5947215,53.5149225,,Catholic
8234,Holy Family,1710 MILL WOODS RD NW,T6L 5C5,77,,https://www.ecsd.net/schools/8234/Pages/default.aspx,8234web@ecsd.net,,Kindergarten to Grade 9,Enhanced Academic Program (EAP),,,-113.4030003,53.4464748,,Catholic
8057,St. Charles,10423 172 AVE NW,T5X 4X4,72,,https://www.ecsd.net/schools/8057/Pages/default.aspx,8057web@ecsd.net,,Kindergarten to Grade 6,,,,-113.5033571,53.6328169,,Catholic
8004,H.E. Beriault,8125 167 ST NW,T5R 2T7,74,,https://www.ecsd.net/schools/8004/Pages/default.aspx,8004web@ecsd.net,,Grade 7 to Grade 9,Enhanced Academic Program (EAP),,,-113.6087138,53.5155954,,Catholic
8059,Bishop Greschuk,17330 91 ST NW,T5Z 3A1,72,,http://www.bishopgreschuk.ecsd.net,8059web@ecsd.net,,Kindergarten to Grade 6,,,,-113.4805934,53.6350632,,Catholic
8221,St. Mark,11625 125 ST NW,T5M 1L1,71,,http://www.stmark.ecsd.net,8221web@ecsd.net,,Grade 7 to Grade 9,Recreation Academy,,,-113.553941,53.5674241,,Catholic
8215,St. Edmund,11712 130 AVE NW,T5E 0V2,71,,http://www.stedmund.ecsd.net,8215web@ecsd.net,,Kindergarten to Grade 9,"International Baccalaureate - Primary Years Programme,International Baccalaureate - Middle Years Programme,Hockey Academy,Recreation Academy,Soccer Academy",,,-113.52482,53.5903344,,Catholic
8428,St. Oscar Romero,17760 69 AVE NW,T5T 6X3,74,,https://www.ecsd.net/schools/1028/Pages/default.aspx,8428web@ecsd.net,,Grade 10 to Grade 12,"Advanced Placement,Filipino Language and Culture,Spanish Language and Culture",,,-113.6299034,53.5041389,,Catholic
1428,Monsignor William Irwin,2629 TAYLOR GREEN NW,T6R 3N8,76,,https://www.ecsd.net/SCHOOLS/1428/Pages/default.aspx,1428web@ecsd.net,,Kindergarten to Grade 6,French Immersion,,,-113.5763004,53.4473827,,Catholic
2435,Joan Carr,,T6W 4J4,,,https://www.ecsd.net/2435,2435web@ecsd.net,,Kindergarten to Grade 9,,,,-113.6211216,53.4167618,,Catholic
8018,St. Boniface,11810 40 AVE NW,T6J 0R9,76,,http://www.stboniface.ecsd.net,8018web@ecsd.net,,Kindergarten to Grade 6,"Fine Arts, International Baccalaureate - Primary Years Programme",,,-113.5373855,53.4767854,,Catholic
1968,Father Michael Mireau,3010 Spence,T6X 0H9,77,,https://www.ecsd.net/schools/1968/Pages/default.aspx,1968web@ecsd.net,,Kindergarten to Grade 9,,,,-113.463535,53.420272,,Catholic
8404,Archbishop O'Leary,8760 132 AVE NW,T5E 0X8,72,,http://www.archbishopoleary.ecsd.net,8404web@ecsd.net,,Grade 10 to Grade 12,"Advanced Placement,Italian Language and Culture,Soccer Academy,Spanish Language and Culture",,,-113.4751525,53.5928729,,Catholic
8029,St. Matthew,8735 132 AVE NW,T5E 0X7,72,,http://www.stmatthew.ecsd.net,8029web@ecsd.net,,Kindergarten to Grade 6,"Ukrainian Bilingual,Ukrainian Dance,Full Day Kindergarten (English Program)",,,-113.4752341,53.5918116,,Catholic
8229,St. Vincent,10530 138 ST NW,T5N 2J6,75,,http://www.stvincent.ecsd.net,8229web@ecsd.net,,Kindergarten to Grade 6,Green STEM Academy,,,-113.5604677,53.5484167,,Catholic
8038,St. Augustine,3808 106 ST NW,T6J 1A5,76,,http://www.staugustine.ecsd.net,8038web@ecsd.net,,Kindergarten to Grade 6,Full Day Kindergarten,,,-113.5053372,53.4737471,,Catholic
1972,Christ the King,180 McConachie Drive NW,T5Y 0K9,72,,https://www.ecsd.net/schools/1972/Pages/default.aspx,1972web@ecsd.net,,Kindergarten to Grade 9,,,,-113.42364,53.632646,,Catholic
1969,St. John XXIII,365 Windermere RD NW,T6W 0V9,76,,https://www.ecsd.net/schools/1969/Pages/default.aspx,1969web@ecsd.net,,Kindergarten to Grade 9,French Immersion,,,-113.612185,53.441658,,Catholic
8216,St. Francis of Assisi,6614 129 AVE NW,T5C 1V7,73,,https://www.ecsd.net/schools/8216/Pages/default.aspx,8216web@ecsd.net,,Kindergarten to Grade 6,"Full Day Kindergarten,Nehiyaw Pimatisiwin Cree",,,-113.4438788,53.5882068,,Catholic
8027,St. Teresa of Calcutta,9008 105A AVE NW,T5H 4P9,75,,https://www.ecsd.net/schools/1027/Pages/default.aspx,1027web@ecsd.net,,Kindergarten to Grade 6,"Full Day Kindergarten,Year Round School",,,-113.475699,53.5522131,,Catholic
8225,St. Paul,14410 96 AVE NW,T5N 0C7,75,,https://www.ecsd.net/schools/8225/Pages/default.aspx/,8225web@ecsd.net,,Kindergarten to Grade 6,"Spanish Language and Culture, GATE",,,-113.5719435,53.5331863,,Catholic