"ID","Name","Address","Type","Surface Type","Accessibility","Owner","Maintainer","Redevelopment Date","Latitude","Longitude","Location","Geometry Point","Neighbourhood ID","Neighbourhood Name"
"699","High Park Community Spray Deck","11032 - 154 STREET NW T5P2K1","Spray Deck","Concrete","Wheelchair Accessible","Parks","Parks","2001/09/13","53.55726642962","-113.58824908199","(53.557266429621436, -113.58824908199034)","POINT (-113.58824908199034 53.557266429621436)","4200","HIGH PARK"
"3653","Rosenthal Spray Deck","1070 Rosenthal Blvd NW","Spray Deck","Concrete","Wheelchair Accessible","Parks","Parks","2015/10/02","53.51715167365","-113.69888351701","(53.51715167364844, -113.69888351701036)","POINT (-113.69888351701036 53.51715167364844)","4750","ROSENTHAL"
"189","Kensington Spray Deck","12130 - 134B AVENUE NW","Spray Deck","Pour In Place Rubber","Wheelchair Accessible","Parks","Parks","2013/09/01","53.59582100487","-113.53111849615","(53.59582100486922, -113.53111849615006)","POINT (-113.53111849615006 53.59582100486922)","3250","KENSINGTON"
"3821","Inglewood Community Spray Deck","12525 116 Ave NW","Spray Deck","Concrete","Wheelchair Accessible","Parks","Parks","2023/09/27","53.56635448884","-113.53897219467","(53.566354488842805, -113.5389721946687)","POINT (-113.5389721946687 53.566354488842805)","3240","INGLEWOOD"
"3000","Kenilworth Spray Deck","7104 - 87 AVENUE NW T6B3C2","Spray Deck","Pour In Place Rubber","Wheelchair Accessible","Parks","Parks","2006/09/01","53.52256197983","-113.4373283634","(53.52256197983131, -113.43732836339588)","POINT (-113.43732836339588 53.52256197983131)","6350","KENILWORTH"
"826","Gallagher Spray Deck","9325 - 97 AVENUE NW","Spray Deck","Pour In Place Rubber","Wheelchair Accessible","Parks","Parks","2011/12/31","53.53591871918","-113.4718143699","(53.53591871918118, -113.47181436990076)","POINT (-113.47181436990076 53.53591871918118)","6070","CLOVERDALE"
"2300","McKernan Spray Deck","7535 - 112 STREET NW","Spray Deck","Pour In Place Rubber","Wheelchair Accessible","Parks","Parks","2012/09/01","53.51128652846","-113.51926518961","(53.511286528464865, -113.5192651896121)","POINT (-113.5192651896121 53.511286528464865)","5290","MCKERNAN"
"3647","Spruce Avenue Spray Deck","11424 - 102 Street NW","Spray Deck","Concrete","Wheelchair Accessible","Parks","Parks","2013/09/01","53.56537259079","-113.49771049323","(53.56537259079458, -113.49771049322538)","POINT (-113.49771049322538 53.56537259079458)","1230","SPRUCE AVENUE"
"2762","Riverdale Spray Deck","9231 - 100 AVENUE NW T5H0A4","Spray Deck","Concrete","Wheelchair Accessible","Parks","Parks","2005/09/01","53.54152208048","-113.47307707388","(53.54152208048468, -113.47307707387876)","POINT (-113.47307707387876 53.54152208048468)","1210","RIVERDALE"
"630","Greenfield Spray Deck","3755 - 114 STREET NW","Spray Deck","Concrete","Wheelchair Accessible","Parks","Parks","2009/09/01","53.4734942164","-113.52563879025","(53.4734942164016, -113.52563879024851)","POINT (-113.52563879024851 53.4734942164016)","5220","GREENFIELD"
"732","Fulton Place Spray Deck","Fulton Drive and 62 Street NW","Spray Deck","Pour In Place Rubber","Wheelchair Accessible","Parks","Parks","2008/09/01","53.54625796451","-113.42570680375","(53.546257964508456, -113.42570680374781)","POINT (-113.42570680374781 53.546257964508456)","6240","FULTON PLACE"
"3651","West Meadowlark Community Spray Deck","9311 165 Street NW","Spray Deck","Concrete","Wheelchair Accessible","Parks","Parks","2013/09/01","53.52944531415","-113.60691266984","(53.529445314151324, -113.60691266983608)","POINT (-113.60691266983608 53.529445314151324)","4590","WEST MEADOWLARK PARK"
"622","Athlone Spray Deck","132 Ave - 127 St","Spray Deck","Concrete","Wheelchair Accessible","Parks","Parks","2004/09/01","53.58923509459","-113.54540152184","(53.589235094586044, -113.54540152183537)","POINT (-113.54540152183537 53.589235094586044)","3010","ATHLONE"
"2784","Dovercourt Community Spray Deck","12320 - DOVERCOURT AVENUE NW","Spray Deck","Pour In Place Rubber","Wheelchair Accessible","Parks","Parks","2004/09/01","53.57589734737","-113.55940273112","(53.575897347365185, -113.55940273112151)","POINT (-113.55940273112151 53.575897347365185)","3170","DOVERCOURT"
"772","Montrose Spray Deck","5955 - 120 AVENUE NW","Spray Deck","Concrete","Wheelchair Accessible","Parks","Parks","2011/07/01","53.57291648208","-113.43307861893","(53.572916482080515, -113.43307861893184)","POINT (-113.43307861893184 53.572916482080515)","2550","MONTROSE"
"3672","Capilano School Spray Deck","10720 54 Street NW","Spray Deck","Pour In Place Rubber","Wheelchair Accessible","Parks","Parks","2014/09/01","53.55575337739","-113.4222496233","(53.55575337738651, -113.42224962330164)","POINT (-113.42224962330164 53.55575337738651)","6061","CAPILANO"
"3500","Callingwood Spray Park","17505 76 Avenue NW","Spray Park","Concrete","Wheelchair Accessible","Parks","Parks","2010/09/01","53.50628452317","-113.62745841255","(53.506284523173676, -113.62745841254534)","POINT (-113.62745841254534 53.506284523173676)","4070","CALLINGWOOD NORTH"
"635","Aspen Spray Deck","12015 39A AVENUE NW T6J6P7","Spray Deck","Pour In Place Rubber","Wheelchair Accessible","Parks","Parks","1986/12/31","53.47488748575","-113.54250632309","(53.47488748574999, -113.54250632309224)","POINT (-113.54250632309224 53.47488748574999)","5020","ASPEN GARDENS"
"3480","Hudson Spray Deck","13625 - CUMBERLAND ROAD NW","Spray Deck","Pour In Place Rubber","Wheelchair Accessible","Parks","Parks","2010/09/01","53.60775957202","-113.55652326061","(53.6077595720154, -113.55652326061141)","POINT (-113.55652326061141 53.6077595720154)","3480","HUDSON"
"3726","Poplar Park Spray Park","16410 82 Street NW","Spray Park","Concrete","Wheelchair Accessible","Parks","Parks","2019/11/01","53.62644555501","-113.47316087835","(53.62644555501092, -113.47316087835085)","POINT (-113.47316087835085 53.62644555501092)","2050","BELLE RIVE"
"623","Castle Downs Spray Park","11520 - 153 AVENUE NW T5X6A3","Spray Park","Pour In Place Rubber","Wheelchair Accessible","Parks","Parks","2010/09/01","53.61692064038","-113.52548569953","(53.61692064038161, -113.52548569952654)","POINT (-113.52548569952654 53.61692064038161)","3180","DUNLUCE"
"627","John Devoldere Memorial Park Spray Deck","16415 83 AVENUE NW T5R3V8","Spray Deck","Concrete","Wheelchair Accessible","Parks","Parks","2010/12/31","53.51601436517","-113.60592680814","(53.51601436516919, -113.60592680813585)","POINT (-113.60592680813585 53.51601436516919)","4140","ELMWOOD"
"682","Westglen Park Spray Deck","12840 109 Avenue NW","Spray Deck","Concrete","Wheelchair Accessible","Parks","Parks","2008/09/01","53.55501020825","-113.54416567452","(53.55501020825167, -113.54416567452208)","POINT (-113.54416567452208 53.55501020825167)","3440","WESTMOUNT"
"767","Killarney Spray Deck","8720 130A Avenue NW","Spray Deck","Pour In Place Rubber","Wheelchair Accessible","Parks","Parks","2010/05/01","53.59068658139","-113.47520782867","(53.590686581392106, -113.47520782867434)","POINT (-113.47520782867434 53.590686581392106)","2420","KILLARNEY"
"680","Rosslyn Spray Deck","11015 134 Avenue NW","Spray Deck","Concrete","Wheelchair Accessible","Parks","Parks","2007/09/01","53.59426098467","-113.51177520017","(53.59426098466726, -113.511775200166)","POINT (-113.511775200166 53.59426098466726)","3390","ROSSLYN"
"2781","Eastwood Spray Deck","11803 - 86 STREET NW T5B3J9","Spray Deck","Concrete","Wheelchair Accessible","Parks","Parks","2006/09/01","53.57073598374","-113.47219903379","(53.57073598373799, -113.47219903379374)","POINT (-113.47219903379374 53.57073598373799)","1100","EASTWOOD"
"726","Hazeldean Spray Deck","9630 - 66 AVENUE NW T6E4W9","Spray Deck","Pour In Place Rubber","Wheelchair Accessible","Parks","Parks","2008/12/31","53.5031986519","-113.47746826289","(53.50319865190319, -113.47746826288983)","POINT (-113.47746826288983 53.50319865190319)","6290","HAZELDEAN"
"778","Queen Mary Spray Deck","10844 117 STREET NW T5H3N5","Spray Deck","Concrete","Wheelchair Accessible","Parks","Parks","2006/09/01","53.55427052228","-113.52441572906","(53.55427052227871, -113.52441572905926)","POINT (-113.52441572905926 53.55427052227871)","1180","QUEEN MARY PARK"
"2741","Ottewell Spray Deck","5920 - 93A AVENUE NW T6B0X2","Spray Deck","Pour In Place Rubber","Wheelchair Accessible","Parks","Parks","2010/05/01","53.53071586206","-113.42444560365","(53.5307158620625, -113.42444560365136)","POINT (-113.42444560365136 53.5307158620625)","6550","OTTEWELL"
"2340","Ellingson Spray Deck","6510 - 111 STREET NW T6H5W2","Spray Deck","Pour in Place Rubber","Wheelchair Accessible","Parks","Parks","2011/12/31","53.50311206614","-113.51747573324","(53.50311206614411, -113.51747573323524)","POINT (-113.51747573323524 53.50311206614411)","5310","PARKALLEN"
"679","Sherbrooke Community Spray Deck","12956 - 122 AVENUE NW","Spray Deck","Concrete","Wheelchair Accessible","Parks","Parks","2005/09/01","53.57521211783","-113.54809177392","(53.575212117829885, -113.54809177391576)","POINT (-113.54809177391576 53.575212117829885)","3410","SHERBROOKE"
"2783","Grovenor Community Spray Deck","14325 - 104 AVENUE NW T5N0W9","Spray Deck","Concrete","Wheelchair Accessible","Parks","Parks","2011/09/01","53.5458171078","-113.56804946115","(53.54581710779951, -113.56804946114772)","POINT (-113.56804946114772 53.54581710779951)","3210","GROVENOR"
"2325","Avonmore Spray Deck","7316 - 78 STREET NW","Spray Deck","Concrete","Wheelchair Accessible","Parks","Parks","2013/12/31","53.51018983169","-113.44841054505","(53.51018983168643, -113.44841054504887)","POINT (-113.44841054504887 53.51018983168643)","6020","AVONMORE"
"749","Beverly Jubilee Spray Deck","4203 120 Avenue NW","Spray Deck","Concrete","Wheelchair Accessible","Parks","Parks","2013/09/01","53.57448972374","-113.40713867607","(53.57448972374192, -113.40713867606607)","POINT (-113.40713867606607 53.57448972374192)","2040","BEACON HEIGHTS"
"1060","Mill Woods Spray Park","2730 - 66 STREET NW","Spray Park","Concrete","Wheelchair Accessible","Parks","Parks","2014/08/01","53.45508354726","-113.43609176676","(53.45508354726353, -113.43609176676279)","POINT (-113.43609176676279 53.45508354726353)","6510","MILL WOODS PARK"
"3615","Queen Elizabeth Spray Park","9100 Walterdale Hill NW","Spray Park","Pour In Place Rubber","Wheelchair Accessible","Parks","Parks","2014/12/31","53.52721087887","-113.50748098095","(53.52721087886793, -113.50748098094603)","POINT (-113.50748098094603 53.52721087886793)","5390","RIVER VALLEY WALTERDALE"
"2326","Bonnie Doon Spray Deck","9217 - 94 STREET NW","Spray Deck","Pour In Place Rubber","Wheelchair Accessible","Parks","Parks","2009/09/01","53.52764730573","-113.47045571192","(53.527647305731364, -113.47045571192135)","POINT (-113.47045571192135 53.527647305731364)","6040","BONNIE DOON"
"746","Silver Heights Spray Deck","8777 - 96 AVENUE NW T6C2B1","Spray Deck","Pour In Place Rubber","Wheelchair Accessible","Parks","Parks","2010/05/01","53.53280253982","-113.46480911558","(53.53280253982356, -113.46480911557828)","POINT (-113.46480911557828 53.53280253982356)","6710","STRATHEARN"
"3673","Monsignor Walter Fitzgerald Spray Deck","7146 - 180 Street NW","Spray Deck","Concrete","Wheelchair Accessible","Parks","Parks","2015/09/01","53.50584073119","-113.6352763729","(53.505840731190354, -113.63527637289823)","POINT (-113.63527637289823 53.505840731190354)","4270","LYMBURN"
"3708","Rio Terrace Spray Deck","7608 - 154 STREET NW T5R1R7","Spray Deck","Concrete","Wheelchair Accessible","Parks","Parks","2017/12/31","53.50825301459","-113.58978136219","(53.508253014590196, -113.58978136218522)","POINT (-113.58978136218522 53.508253014590196)","4430","RIO TERRACE"
"2621","Woodcroft Spray Deck","13831 - 114 AVENUE NW","Spray Deck","Concrete","Wheelchair Accessible","Parks","Parks","2012/05/01","53.56455221864","-113.56187534858","(53.56455221863649, -113.56187534857725)","POINT (-113.56187534857725 53.56455221863649)","3450","WOODCROFT"
"3629","Zoie Gardner Spray Deck","12710 70 Street NW","Spray Deck","Concrete","Wheelchair Accessible","Parks","Parks","2012/09/01","53.58562106135","-113.45018131569","(53.58562106135462, -113.4501813156935)","POINT (-113.4501813156935 53.58562106135462)","2020","BALWIN"
"636","Royal Gardens Spray Deck","4030 117 Street NW","Spray Deck","Concrete","Wheelchair Accessible","Parks","Parks","2001/09/13","53.47809655258","-113.53565943995","(53.47809655258378, -113.53565943994903)","POINT (-113.53565943994903 53.47809655258378)","5430","ROYAL GARDENS"
"3656","Holyrood Spray Deck","8035 95 Avenue NW","Spray Deck","Concrete","Wheelchair Accessible","Parks","Parks","2015/12/31","53.53110071807","-113.45186756689","(53.53110071806927, -113.45186756688771)","POINT (-113.45186756688771 53.53110071806927)","6310","HOLYROOD"
"3481","Central McDougall Spray Deck","10630 109 Avenue NW","Spray Deck","Pour In Place Rubber","Wheelchair Accessible","Parks","Parks","2011/09/01","53.55520311418","-113.50330841552","(53.55520311417628, -113.50330841551654)","POINT (-113.50330841551654 53.55520311417628)","1030","CENTRAL MCDOUGALL"
"3677","Cy Becker Spray Park","270 Cy Becker Boulevard NW","Spray Park","Concrete","Wheelchair Accessible","Parks","Parks","2018/09/14","53.63426152027","-113.40731426804","(53.634261520268296, -113.40731426803718)","POINT (-113.40731426803718 53.634261520268296)","2611","CY BECKER"
"633","Lendrum Spray Deck","11335 57 Avenue NW","Spray Deck","Concrete","Wheelchair Accessible","Parks","Parks","2018/01/01","53.49404802453","-113.52407259642","(53.494048024531914, -113.52407259641876)","POINT (-113.52407259641876 53.494048024531914)","5270","LENDRUM PLACE"
"3710","South Terwillegar Spray Deck","7170 South Terwillegar Dr","Spray Deck","Concrete","Wheelchair Accessible","Parks","Parks","2013/09/01","53.43996040562","-113.58009100724","(53.439960405618706, -113.58009100723532)","POINT (-113.58009100723532 53.439960405618706)","5642","SOUTH TERWILLEGAR"
"3520","Ellerslie Spray Deck","Edwards Drive - 5 Ave SW","Spray Deck","Pour In Place Rubber","Wheelchair Accessible","Parks","Parks","2011/12/31","53.42891554009","-113.45866658685","(53.42891554008855, -113.45866658685215)","POINT (-113.45866658685215 53.42891554008855)","6211","ELLERSLIE"
"186","Wellington Spray Deck","13440 - 132A Street NW","Spray Deck","Concrete","Wheelchair Accessible","Parks","Parks","2001/09/13","53.59612296725","-113.54994723873","(53.596122967249066, -113.549947238731)","POINT (-113.549947238731 53.596122967249066)","3430","WELLINGTON"
"756","Elmwood Community League Spray Deck","12505 75 STREET NW T5B4K8","Spray Deck","Concrete","Wheelchair Accessible","Parks","Parks","2009/09/01","53.58151368097","-113.45619173179","(53.5815136809729, -113.45619173178821)","POINT (-113.45619173178821 53.5815136809729)","1130","ELMWOOD PARK"
"637","Lansdowne Spray Deck","4915 124 Street NW","Spray Deck","Concrete","Unknown","Parks","Parks","2021/11/02","53.48687503879","-113.54567500056","(53.48687503878733, -113.54567500055575)","POINT (-113.54567500055575 53.48687503878733)","5260","LANSDOWNE"
"2321","Kitchener Spray Deck","11411 - 103 AVENUE NW","Spray Deck","Concrete","Wheelchair Accessible","Parks","Parks","2010/09/01","53.54441200821","-113.51868089314","(53.54441200821074, -113.51868089313827)","POINT (-113.51868089313827 53.54441200821074)","1151","WÎHKWÊNTÔWIN"
"3698","Brintnell Spray Deck","210 Brintnell Boulevard NW","Spray Deck","Concrete","Wheelchair Accessible","Parks","Parks","2018/10/01","53.61922443525","-113.40835580119","(53.61922443525371, -113.4083558011859)","POINT (-113.4083558011859 53.61922443525371)","2110","BRINTNELL"
"3628","Highlands Spray Deck","11333 62 Street NW","Spray Deck","Concrete","Wheelchair Accessible","Parks","Parks","2012/09/01","53.5669652301","-113.4335634728","(53.56696523010345, -113.43356347279625)","POINT (-113.43356347279625 53.56696523010345)","2330","HIGHLANDS"
"626","Laurier Heights Spray Deck","14425 - 85 AVENUE NW","Spray Deck","Concrete","Wheelchair Accessible","Parks","Parks","2008/09/01","53.51656906819","-113.56911286456","(53.516569068187195, -113.56911286456494)","POINT (-113.56911286456494 53.516569068187195)","3270","LAURIER HEIGHTS"
"3466","Jackie Parker Spray Park","4540 - 50 STREET NW","Spray Park","Concrete","Wheelchair Accessible","Parks","Parks","2009/12/31","53.48439839567","-113.42370485585","(53.484398395666844, -113.4237048558519)","POINT (-113.4237048558519 53.484398395666844)","6500","MILL WOODS GOLF COURSE"
"3720","Glastonbury Spray Deck","1101 Grantham Drive NW","Spray Deck","Concrete","Wheelchair Accessible","Parks","Parks","2014/12/31","53.50566333563","-113.67220576277","(53.50566333563422, -113.6722057627686)","POINT (-113.6722057627686 53.50566333563422)","4720","GLASTONBURY"
"61","G. Edmund Kelly Spray Park","15005 - 79 STREET NW","Spray Park","Pour In Place Rubber","Wheelchair Accessible","Parks","Parks","2009/09/01","53.6119116262","-113.46239466484","(53.6119116261954, -113.4623946648373)","POINT (-113.4623946648373 53.6119116261954)","2410","KILKENNY"
"631","Queen Alex Spray Deck","10722 - 73 AVENUE NW","Spray Deck","Pour In Place Rubber","Wheelchair Accessible","Parks","Parks","2010/09/01","53.5097332504","-113.50783327301","(53.509733250402505, -113.50783327300591)","POINT (-113.50783327300591 53.509733250402505)","5330","QUEEN ALEXANDRA"
"3646","Tipton Spray Deck","10849 81 Avenue NW","Spray Deck","Concrete","Wheelchair Accessible","Parks","Parks","2013/09/01","53.51640677348","-113.510855271","(53.51640677348283, -113.51085527100082)","POINT (-113.51085527100082 53.51640677348283)","5330","QUEEN ALEXANDRA"
"3819","Glengarry Spray Park","134 Avenue NW and 89 Street NW","Spray Park","Concrete","Wheelchair Accessible","Parks","Parks","2023/07/16","53.59575160158","-113.47567781576","(53.595751601575465, -113.47567781575762)","POINT (-113.47567781575762 53.595751601575465)","2290","GLENGARRY"
"3828","Schonsee Spray Deck","5470 Schonsee Dr NW","Spray Deck","Concrete","Wheelchair Accessible","Parks","Parks","2024/10/20","53.63295170416","-113.45927642029","(53.63295170416363, -113.45927642028542)","POINT (-113.45927642028542 53.63295170416363)","2700","SCHONSEE"
"727","Ritchie Spray Deck","7727 - 98 STREET NW T6E5C9","Spray Deck","Pour In Place Rubber","Wheelchair Accessible","Parks","Parks","2010/12/31","53.51393144664","-113.48198823905","(53.513931446636015, -113.48198823905469)","POINT (-113.48198823905469 53.513931446636015)","6610","RITCHIE"
"3684","York Spray Deck","5825 140 Avenue NW","Spray Deck","Concrete","Wheelchair Accessible","Parks","Parks","2018/09/14","53.60206184265","-113.43129570555","(53.602061842649256, -113.43129570554564)","POINT (-113.43129570554564 53.602061842649256)","2720","YORK"
"634","Strathcona Spray and Play Spray Deck","10139 - 87 AVENUE NW T6E2P3","Spray Deck","Pour In Place Rubber","Wheelchair Accessible","Parks","Parks","2010/12/31","53.52241978904","-113.49263181253","(53.52241978903913, -113.49263181253167)","POINT (-113.49263181253167 53.52241978903913)","5480","STRATHCONA"
"735","Gold Bar Spray Deck","4620 - 105 AVENUE NW","Spray Deck","Pour In Place Rubber","Wheelchair Accessible","Parks","Parks","2009/09/01","53.54849945439","-113.41382565356","(53.54849945438565, -113.41382565355711)","POINT (-113.41382565355711 53.54849945438565)","6270","GOLD BAR"
"3764","Cameron Heights Spray Deck","3250 Cameron Heights Way NW","Spray Deck","Concrete","Wheelchair Accessible","Parks","Parks","2020/10/31","53.4732974767","-113.63655629658","(53.47329747669826, -113.63655629657956)","POINT (-113.63655629657956 53.47329747669826)","4466","CAMERON HEIGHTS"
"730","Mary Finlay Spray Deck","10150 - 80 STREET NW T6A3H8","Spray Deck","Concrete","Wheelchair Accessible","Parks","Parks","2011/09/01","53.54328742485","-113.45138844086","(53.54328742485277, -113.45138844086034)","POINT (-113.45138844086034 53.54328742485277)","6230","FOREST HEIGHTS"
"1020","Alberta Avenue Spray Deck","9210 - 118 AVENUE NW T5G0N2","Spray Deck","Concrete","Wheelchair Accessible","Parks","Parks","1995/01/01","53.57121056357","-113.48355199276","(53.57121056356966, -113.48355199275761)","POINT (-113.48355199275761 53.57121056356966)","1010","ALBERTA AVENUE"
"728","King Edward Spray Deck","7708 - 85 STREET NW T6C4K9","Spray Deck","Concrete","Wheelchair Accessible","Parks","Parks","2006/09/01","53.51363881374","-113.46090214828","(53.513638813742986, -113.46090214827743)","POINT (-113.46090214827743 53.513638813742986)","6360","KING EDWARD PARK"
"2324","Glenora Community Spray Deck","10410 - 136 STREET NW","Spray Deck","Concrete","Wheelchair Accessible","Parks","Parks","2010/09/01","53.54673876395","-113.55684624522","(53.54673876395495, -113.55684624522345)","POINT (-113.55684624522345 53.54673876395495)","3200","GLENORA"
"3722","North Glenora Community Spray Deck","13637 109A Avenue NW","Spray Deck","Concrete","Wheelchair Accessible","Parks","Parks","2019/08/07","53.55506016303","-113.55731338789","(53.55506016303127, -113.557313387893)","POINT (-113.557313387893 53.55506016303127)","3310","NORTH GLENORA"
"2280","Prince Charles Spray Deck","12033 - 125 STREET NW T5L0S5","Spray Deck","Concrete","Wheelchair Accessible","Parks","Parks","2006/09/01","53.57464741531","-113.53669120611","(53.57464741531177, -113.53669120611322)","POINT (-113.53669120611322 53.57464741531177)","3350","PRINCE CHARLES"
"2760","Giovanni Caboto Spray Deck","9403 109A Avenue NW","Spray Deck","Concrete","Wheelchair Accessible","Parks","Parks","2004/09/01","53.55619080113","-113.48415395133","(53.556190801134456, -113.48415395132689)","POINT (-113.48415395132689 53.556190801134456)","1140","MCCAULEY"
"3670","Meadows Spray Park","2303 17 Street NW","Spray Park","Concrete","Wheelchair Accessible","Parks","Parks","2016/04/26","53.45793735427","-113.37211462632","(53.45793735427291, -113.37211462631954)","POINT (-113.37211462631954 53.45793735427291)","6442","SILVER BERRY"
"3812","Callaghan Park Spray Deck","1385 Cunningham Drive SW","Spray Deck","Concrete","Wheelchair Accessible","Parks","Parks","2023/08/01","53.40621125702","-113.52829162537","(53.40621125701697, -113.52829162536852)","POINT (-113.52829162536852 53.40621125701697)","5457","CALLAGHAN"
