"School Code","School Name","Address","Postal Code","EPSB Ward","City Ward","School Website","School EMail","School Phone","Grades","Program","District Centre","Childcare","POINT_X","POINT_Y","New Georeferenced Column"
"1004","George P. Nicholson School","1120 - 113 Street NW","T6J7J4","EPSB WARD H","WARD 09","http://georgepnicholson.epsb.ca","georgepnicholson@epsb.ca","(780) 439-9314","K to Gr 6",,,"Yes","-113.525455297","53.4427528462","POINT (-113.525455297 53.4427528462)"
"7195","McKee School","10725 - 51 Avenue NW","T6H0L3","EPSB WARD F","WARD 10","http://mckee.epsb.ca/","mckee@epsb.ca","(780) 435-7140","K to Gr 6",,"BLA","Yes","-113.508830674","53.4876862593","POINT (-113.508830674 53.4876862593)"
"7573","John D Bracco School","3150 - 139 Avenue NW","T5Y2P7","EPSB WARD B","WARD 04","http://jdbracco.epsb.ca","jdbracco@epsb.ca","(780) 475-1760","Gr 7-9","PAP","BAO/OPP","No","-113.392101802","53.6035209984","POINT (-113.392101802 53.6035209984)"
"1458","A. Blair McPherson School","430 Tamarack Green NW","T6T0J4","EPSB WARD G","WARD 12","http://ablairmcpherson.epsb.ca/","ablairmcpherson@epsb.ca","(780) 468-4361","K to Gr 9",,,"No","-113.361819679","53.4696415893","POINT (-113.361819679 53.4696415893)"
"7567","Horse Hill School","19355 Meridian Street NW","T5Y6E5","EPSB WARD B","WARD 04","http://horsehill.epsb.ca","horsehill@epsb.ca","(780) 472-6029","K to Gr 6","COG/FDK",,"Yes","-113.343731001","53.6567602668","POINT (-113.343731001 53.6567602668)"
"7187","Princeton School","7720 - 130 Avenue NW","T5C1Y2","EPSB WARD B","WARD 07","http://princeton.epsb.ca","princeton@epsb.ca","(780) 476-2344","K to Gr 6","FDK","PKP/INT","Yes","-113.459697737","53.5897659064","POINT (-113.459697737 53.589765906400004)"
"7277","Lago Lindo School","17303 - 95 Street NW","T5Z2Z1","EPSB WARD A","WARD 03","http://lagolindo.epsb.ca/","lagolindo@epsb.ca","(780) 456-6980","K to Gr 6",,"BAO","No","-113.48747736","53.6357586417","POINT (-113.48747736 53.6357586417)"
"7182","Windsor Park School","8720 - 118 Street NW","T6G1T5","EPSB WARD F","WARD 08","http://windsorpark.epsb.ca/","windsor@epsb.ca","(780) 433-3924","K to Gr 6",,,"Yes","-113.534868074","53.5239301564","POINT (-113.534868074 53.5239301564)"
"7500","Allendale School","6415 - 106 Street NW","T6H2V5","EPSB WARD F","WARD 10","http://allendale.epsb.ca","allendale@epsb.ca","(780) 434-6756","Gr 7-9","BGE/COG","INT","No","-113.50374848","53.5012012959","POINT (-113.50374848 53.5012012959)"
"7724","Learning Store at Blue Quill","284 Saddleback Road NW","T6J4R7","EPSB WARD F","WARD 10","http://outreach.epsb.ca","lsbluequill@epsb.ca","(780) 413-0263","Gr 10-12",,,"No","-113.52996703","53.4610947931","POINT (-113.52996703 53.46109479310001)"
"7270","Tipaskan School","1200 Lakewood Road North NW","T6K4A3","EPSB WARD I","WARD 11","http://tipaskan.epsb.ca","tipaskan@epsb.ca","(780) 462-5031","K to Gr 6","FDK","PKP/INT","No","-113.45898046","53.4630232185","POINT (-113.45898046000002 53.4630232185)"
"7550","Avalon Junior School","5425 - 114 Street NW","T6H3M1","EPSB WARD F","WARD 10","http://avalon.epsb.ca/","avalon@epsb.ca","(780) 434-8402","Gr 7-9","FIM","BLA","No","-113.524420249","53.4918546392","POINT (-113.524420249 53.4918546392)"
"1282","Edmonton Christian Northeast School","5940 - 159 Avenue NW","T5Y0J5","EPSB WARD B","WARD 04","http://edmchristian.net","ecsne@epsb.ca","(780) 408-7942","K to Gr 9",,,"No","-113.431817218","53.6203292882","POINT (-113.431817218 53.6203292882)"
"7931","Meadowlark Christian School","9825-158 Street NW","T5P2X4","EPSB WARD E","WARD 01","http://k-9christian.com","meadowlarkchristian@epsb.ca","(780) 483-6476","K to Gr 9",,,"No","-113.593334143","53.5367088059","POINT (-113.593334143 53.536708805900005)"
"7274","Minchau School","3615 Millwoods Road East NW","T6L5X2","EPSB WARD G","WARD 12","http://minchau.epsb.ca","minchau@epsb.ca","(780) 461-0616","K to Gr 6",,"BLA","No","-113.408363596","53.4677145604","POINT (-113.408363596 53.4677145604)"
"7232","Rideau Park School","10605 - 42 Avenue NW","T6J3Z9","EPSB WARD F","WARD 10","http://rideaupark.epsb.ca","rideaupark@epsb.ca","(780) 437-0010","K to Gr 6","BGE","INT","Yes","-113.505513319","53.478604419","POINT (-113.50551331900002 53.47860441900001)"
"7235","Satoo School","8515 - 17 Avenue NW","T6K2C7","EPSB WARD I","WARD 11","http://satoo.epsb.ca","satoo@epsb.ca","(780) 462-5125","K to Gr 6",,"BLA","No","-113.460551248","53.4468605988","POINT (-113.460551248 53.4468605988)"
"7194","Delwood School","7315 Delwood Road NW","T5C3A9","EPSB WARD B","WARD 07","http://delwood.epsb.ca","delwood@epsb.ca","(780) 476-3969","K to Gr 6","FIM","INT","Yes","-113.455359228","53.5964245923","POINT (-113.455359228 53.5964245923)"
"7504","Brightview School","15425 - 106 Avenue NW","T5P0W3","EPSB WARD C","WARD 01","http://brightview.epsb.ca","brightview@epsb.ca","(780) 484-6631","K to Gr 6","FDK","BLA/OPP","No","-113.587697368","53.5490519008","POINT (-113.587697368 53.5490519008)"
"7522","D S MacKenzie School","4020 - 106 Street NW","T6J1A6","EPSB WARD F","WARD 10","http://dsmackenzie.epsb.ca","dsmackenzie@epsb.ca","(780) 438-9103","Gr 7-9",,"BLA/CHA/STR","No","-113.506080263","53.4760352503","POINT (-113.506080263 53.4760352503)"
"7551","Britannia School","16018 - 104 Avenue NW","T5P0S3","EPSB WARD C","WARD 01","http://britannia.epsb.ca","britannia@epsb.ca","(780) 489-5300","Gr 7-9","LOG","BLA/CLS","Yes","-113.597911605","53.5467426377","POINT (-113.59791160500001 53.5467426377)"
"7278","Earl Buxton School","250 Rhatigan Road East NW","T6R2H7","EPSB WARD F","WARD 09","http://ebuxton.epsb.ca","earlbuxton@epsb.ca","(780) 435-1577","K to Gr 6",,,"Yes","-113.582519558","53.4740281823","POINT (-113.582519558 53.4740281823)"
"7247","Baturyn School","10603 - 172 Avenue NW","T5X4X4","EPSB WARD A","WARD 03","http://baturyn.epsb.ca","baturyn@epsb.ca","(780) 456-6727","K to Gr 6",,"STR","Yes","-113.506150005","53.6328417692","POINT (-113.50615000500001 53.6328417692)"
"7251","Sakaw School","5730 - 11A Avenue NW","T6L3A9","EPSB WARD I","WARD 11","http://sakaw.epsb.ca","sakaw@epsb.ca","(780) 463-1854","K to Gr 6",,"PKP/OPP","No","-113.427854493","53.440765536","POINT (-113.427854493 53.440765536)"
"7516","Killarney School","13110 - 91 Street NW","T5E3P6","EPSB WARD A","WARD 07","http://killarney.epsb.ca","killarney@epsb.ca","(780) 475-1737","Gr 7-9","BAR","CLS/OPP","Yes","-113.48186786","53.5912492333","POINT (-113.48186786 53.5912492333)"
"7185","Lendrum School","11330 - 54 Avenue NW","T6H0V7","EPSB WARD F","WARD 10","http://lendrum.epsb.ca","lendrum@epsb.ca","(780) 434-3588","K to Gr 6","FIM",,"Yes","-113.522218104","53.4909053813","POINT (-113.522218104 53.4909053813)"
"7243","Sweet Grass School","11351 - 31 Avenue NW","T6J4T6","EPSB WARD F","WARD 10","http://sweetgrass.epsb.ca","sweetgrass@epsb.ca","(780) 437-0366","K to Gr 6","ISA",,"No","-113.527802347","53.4633361162","POINT (-113.527802347 53.4633361162)"
"1936","Nellie Carlson School","4132 MacTaggart Drive NW","T6R0M8","EPSB WARD H","WARD 09","http://nelliecarlson.epsb.ca/","Nelliecarlson@epsb.ca","(587) 489-4702","K to Gr 9",,"INT","Yes","-113.557149692","53.4421454977","POINT (-113.557149692 53.4421454977)"
"7238","Sifton School","4305 - 134 Avenue NW","T5A3R5","EPSB WARD B","WARD 04","http://sifton.epsb.ca","sifton@epsb.ca","(780) 476-7953","K to Gr 6","FDK","PKP/BLA","No","-113.408118444","53.5942646851","POINT (-113.408118444 53.5942646851)"
"1577","Bessie Nichols School","189 Hemingway Road NW","T6M2Z7","EPSB WARD E","WARD 05","http://bessienichols.epsb.ca/","bessienichols@epsb.ca","(780) 444-1922","K to Gr 9",,,"Yes","-113.671611134","53.4871395387","POINT (-113.671611134 53.4871395387)"
"7121","Dovercourt School","13910 - 122 Avenue NW","T5L2W3","EPSB WARD C","WARD 02","http://dovercourt.epsb.ca","dovercourt@epsb.ca","(780) 455-6171","K to Gr 6","BCH","INT","Yes","-113.561480612","53.5736367251","POINT (-113.561480612 53.5736367251)"
"7188","J A Fife School","15004 - 76 Street NW","T5C1C2","EPSB WARD B","WARD 03","http://jafife.epsb.ca","jafife@epsb.ca","(780) 476-0775","K to Gr 6","FIM","LIT","Yes","-113.460791019","53.6116173694","POINT (-113.460791019 53.6116173694)"
"7909","Millwoods Christian School","8704 Millwoods Road NW","T6K3J3","EPSB WARD G","WARD 11","http://mcs.epsb.ca","millwoodsch@epsb.ca","(780) 462-2627","K to Gr 12","APL",,"No","-113.462300518","53.4753701646","POINT (-113.462300518 53.4753701646)"
"1283","Edmonton Christian West School","14345 McQueen Road NW","T5N3L5","EPSB WARD C","WARD 06","http://edmchristian.net","ecswest@epsb.ca","(780) 408-7948","K to Gr 9",,,"No","-113.568830788","53.5555729827","POINT (-113.568830788 53.5555729827)"
"7129","Grovenor School","10345 - 144 Street NW","T5N2V3","EPSB WARD C","WARD 06","http://grovenor.epsb.ca","grovenor@epsb.ca","(780) 455-0832","K to Gr 6",,"PKP/BLA","Yes","-113.568459482","53.5450216831","POINT (-113.568459482 53.5450216831)"
"7237","Callingwood Elementary School","17335 - 76 Avenue NW","T5T2B1","EPSB WARD E","WARD 05","http://callingwood.epsb.ca","callingwood@epsb.ca","(780) 487-0727","K to Gr 6",,"PKP/BLA","No","-113.622850243","53.5087050806","POINT (-113.622850243 53.50870508060001)"
"7544","Westmount School","11124 - 130 Street NW","T5M0J2","EPSB WARD C","WARD 02","http://westmountschool.ca","westmount@epsb.ca","(780) 452-8350","Gr 7-9",,"OPP","No","-113.546884289","53.5596829362","POINT (-113.54688428900002 53.559682936200005)"
"7229","Overlanders School","1150 Hermitage Road NW","T5A4L4","EPSB WARD B","WARD 04","http://overlanders.epsb.ca","overlanders@epsb.ca","(780) 476-3361","K to Gr 6",,"BLA/OPP","No","-113.389175599","53.5813067499","POINT (-113.389175599 53.5813067499)"
"7729","Rosecrest School","10205 - 134 Avenue NW","T5E1J2","EPSB WARD A","WARD 02",,"instsrvs@epsb.ca","(780) 475-3565","K to Gr 12",,,"No","-113.496007244","53.5940980307","POINT (-113.496007244 53.5940980307)"
"7265","Weinlos School","2911 - 48 Street NW","T6L5T7","EPSB WARD I","WARD 12","http://weinlos.epsb.ca","weinlos@epsb.ca","(780) 462-5261","K to Gr 6",,"BLA/OPP","Yes","-113.416300983","53.4601109262","POINT (-113.416300983 53.4601109262)"
"7254","Keheewin School","1910 - 105 Street NW","T6J5J8","EPSB WARD H","WARD 10","http://keheewin.epsb.ca","keheewin@epsb.ca","(780) 438-3874","K to Gr 6",,"INT","No","-113.501500405","53.4490458579","POINT (-113.501500405 53.44904585790001)"
"7722","Learning Store at Londonderry","2014 9499-137 Avenue NW","T5E5R8","EPSB WARD A","WARD 07","http://outreach.epsb.ca","lslondonderry@epsb.ca","(780) 457-3467","Gr 10-12",,,"No","-113.488854173","53.5979129376","POINT (-113.488854173 53.5979129376)"
"7255","Hillview School","355 Woodvale Road East NW","T6L5C3","EPSB WARD G","WARD 11","http://hillview.epsb.ca","hillview@epsb.ca","(780) 463-8108","K to Gr 6",,"PKP","No","-113.428136261","53.4677111433","POINT (-113.428136261 53.4677111433)"
"7249","Meyonohk School","1850 Lakewood Road South NW","T6K3Y5","EPSB WARD I","WARD 11","http://meyonohk.epsb.ca","meyonohk@epsb.ca","(780) 463-7627","K to Gr 6","BCH",,"Yes","-113.454041694","53.4552352013","POINT (-113.454041694 53.4552352013)"
"7204","Elmwood School","16325 - 83 Avenue NW","T5R3V8","EPSB WARD E","WARD 05","http://elmwood.epsb.ca","elmwood@epsb.ca","(780) 489-6749","K to Gr 6","SCA","PKP/ISP","Yes","-113.604686955","53.5163428888","POINT (-113.604686955 53.5163428888)"
"7575","Major General Griesbach School","320 Griesbach Road NW","T5E6R8","EPSB WARD A","WARD 02","http://griesbach.epsb.ca","griesbach@epsb.ca","(780) 456-9482","K to Gr 9",,,"No","-113.496464224","53.6075656011","POINT (-113.496464224 53.6075656011)"
"7701","Hospital School Campuses","10230 - 111 Avenue NW","T5G0B7","EPSB WARD C","WARD 02","https://epsb.ca/programs/specializedprograms/hospitalstaysandmedicalneeds/","glenrose@epsb.ca","(780) 735-7987","K to Gr 12","CAS",,"No","-113.496063946","53.5593544281","POINT (-113.496063946 53.5593544281)"
"7223","Malcolm Tweddle School","2340 Millbourne Road West NW","T6K1Y9","EPSB WARD G","WARD 11","http://malcolmtweddle.epsb.ca","mtweddle@epsb.ca","(780) 462-3270","K to Gr 6","COG",,"No","-113.457651966","53.4773089408","POINT (-113.457651966 53.4773089408)"
"7180","Lansdowne School","12323 - 51 Avenue NW","T6H0M6","EPSB WARD F","WARD 10","http://lansdowne.epsb.ca","lansdowne@epsb.ca","(780) 434-3160","K to Gr 6",,"PKP","Yes","-113.545511929","53.4876699417","POINT (-113.545511929 53.4876699417)"
"7100","Abbott School","12045 - 34 Street NW","T5W1Z5","EPSB WARD D","WARD 07","http://abbott.epsb.ca","abbott@epsb.ca","(780) 477-7310","K to Gr 6","FDK","BLA/STR","Yes","-113.392756053","53.5743841026","POINT (-113.392756053 53.5743841026)"
"7220","Grace Martin School","8210 - 36 Avenue NW","T6K0C7","EPSB WARD G","WARD 11","http://gmartin.epsb.ca","gmartin@epsb.ca","(780) 462-7121","K to Gr 6","SKC","LIT/OPP","No","-113.456664076","53.4692542925","POINT (-113.456664076 53.4692542925)"
"7055","Victoria School","10210 - 108 Avenue NW","T5H1A8","EPSB WARD C","WARD 06","http://victoria.epsb.ca/","victoria@epsb.ca","(780) 426-3010","K to Gr 12","IBP/IBM/IB",,"Yes","-113.495346164","53.5533424048","POINT (-113.49534616400001 53.5533424048)"
"484","Amiskwaciy Academy","101 Airport Road NW","T5G3K2","EPSB WARD C","WARD 02","http://amiskwaciy.epsb.ca/","amiskwaciy@epsb.ca","(780) 424-1270","Gr 7-12","AMK",,"No","-113.523203322","53.5709675753","POINT (-113.523203322 53.5709675753)"
"7565","Ellerslie Campus","521-66 Street SW","T6X1A3","EPSB WARD I","WARD 12","http://ellerslie.epsb.ca","ellerslie@epsb.ca","(780) 988-5556","K to Gr 9",,,"No","-113.44176218","53.4280102932","POINT (-113.44176218000001 53.4280102932)"
"7267","LaPerle School","18715 - 97A Avenue NW","T5T4C1","EPSB WARD C","WARD 01","http://laperle.epsb.ca","laperle@epsb.ca","(780) 483-1864","K to Gr 6",,"STR","Yes","-113.645826415","53.5333094372","POINT (-113.64582641500002 53.5333094372)"
"1931","Hilwie Hamdon School","13815 - Cumberland Road NW","T6V1V4","EPSB WARD A","WARD 02","http://hilwiehamdon.epsb.ca","hilwiehamdon@epsb.ca","(587) 489-4712","K to Gr 9",,"INT","Yes","-113.558242007","53.6074838962","POINT (-113.55824200700002 53.6074838962)"
"7216","Thorncliffe School","8215 - 175 Street NW","T5T0G9","EPSB WARD C","WARD 05","http://thorncliffe.epsb.ca","thorncliffe@epsb.ca","(780) 487-2061","K to Gr 6",,"BLA/LIT","Yes","-113.622980683","53.5159861129","POINT (-113.622980683 53.5159861129)"
"7213","Youngstown School","10330 - 163 Street NW","T5P3N5","EPSB WARD C","WARD 01","http://youngstown.epsb.ca","youngstown@epsb.ca","(780) 489-4600","K to Gr 6","FDK/LOG","PKP","Yes","-113.603005022","53.5458076595","POINT (-113.603005022 53.5458076595)"
"1455","Johnny Bright School","1331 Rutherford Road NW","T6W1P4","EPSB WARD H","WARD 09","http://johnnybright.epsb.ca/","johnnybright@epsb.ca","(780) 437-1341","K to Gr 9",,,"No","-113.534880543","53.4192814641","POINT (-113.534880543 53.4192814641)"
"7113","Calder School","12950 - 118 Street NW","T5E5L2","EPSB WARD A","WARD 02","http://calder.epsb.ca/","calder@epsb.ca","(780) 454-4313","K to Gr 6","BAR/FDK","BLA","No","-113.525571028","53.5886576768","POINT (-113.525571028 53.5886576768)"
"7264","Daly Grove School","1888 - 37 Street NW","T6L2R2","EPSB WARD I","WARD 12","http://dalygrove.epsb.ca","dalygrove@epsb.ca","(780) 450-1532","K to Gr 6",,"INT","No","-113.399857242","53.4498635546","POINT (-113.399857242 53.4498635546)"
"7066","Old Scona School","10523 - 84 Avenue NW","T6E2H5","EPSB WARD F","WARD 08","http://oldscona.epsb.ca","oldscona@epsb.ca","(780) 433-0627","Gr 10-12","ACA/IB",,"No","-113.501975651","53.519775373","POINT (-113.501975651 53.519775373)"
"7205","Glendale School","9812 - 161 Street NW","T5P3H4","EPSB WARD E","WARD 01","http://glendale.epsb.ca","glendale@epsb.ca","(780) 489-4300","K to Gr 6","FDK","INT","No","-113.599589522","53.5363737397","POINT (-113.599589522 53.5363737397)"
"7241","Steinhauer School","10717 - 32A Avenue NW","T6J4A6","EPSB WARD F","WARD 10","http://steinhauer.epsb.ca","steinhauer@epsb.ca","(780) 437-1080","K to Gr 6",,"PKP/BLA/LIT","Yes","-113.506345555","53.464662645","POINT (-113.506345555 53.464662645)"
"7276","Bisset School","3020 - 37 Street NW","T6L5X1","EPSB WARD I","WARD 12","http://bisset.epsb.ca","bisset@epsb.ca","(780) 450-6536","K to Gr 6",,"PKP","No","-113.398963403","53.460605402","POINT (-113.398963403 53.460605402000006)"
"7143","McArthur School","13535 - 134 Street NW","T5L1W3","EPSB WARD A","WARD 02","http://mcarthur.epsb.ca","mcarthur@epsb.ca","(780) 455-2728","K to Gr 6",,"BLA/PKP/STR","No","-113.55143709","53.5976575052","POINT (-113.55143709 53.5976575052)"
"7529","Parkallen School","6703 - 112 Street NW","T6H3J9","EPSB WARD F","WARD 10","http://parkallen.epsb.ca","parkallen@epsb.ca","(780) 434-8503","K to Gr 6","BCH","OPP","Yes","-113.519346277","53.5042053849","POINT (-113.519346277 53.5042053849)"
"1924","Constable Daniel Woodall School","315 Windermere Road NW","T6W0V9","EPSB WARD H","WARD 09","http://constabledanielwoodall.epsb.ca","constabledanielwoodall@epsb.ca","(780) 944-2829","K to Gr 6",,,"Yes","-113.617297869","53.4395404605","POINT (-113.617297869 53.4395404605)"
"1951","Ivor Dent School","11010 - 32 Street NW","T5W1Y7","EPSB WARD D","WARD 07","http://ivordent.epsb.ca","ivordent@epsb.ca","(587) 489-4714","K to Gr 9","FDK","BLA","No","-113.390311404","53.5636671203","POINT (-113.390311404 53.5636671203)"
"7570","T D Baker School","1750 Millwoods Road East NW","T6L5C5","EPSB WARD I","WARD 12","http://tdbaker.epsb.ca","tdbaker@epsb.ca","(780) 462-5496","Gr 7-9",,"BLA/CHA/INT/OPP","No","-113.405228321","53.4479363351","POINT (-113.405228321 53.4479363351)"
"7123","Forest Heights School","10304 - 81 Street NW","T6A3X4","EPSB WARD D","WARD 08","http://forestheights.epsb.ca","forest@epsb.ca","(780) 466-0312","K to Gr 6","BGE",,"Yes","-113.453352405","53.5447247894","POINT (-113.453352405 53.5447247894)"
"1927","Jan Reimer School","360 Orchard Boulevard SW","T6X2E1","EPSB WARD I","WARD 12","http://janreimer.epsb.ca","janreimer@epsb.ca","(587) 489-4716","K to Gr 9",,"BLA","Yes","-113.4534422","53.4074682197","POINT (-113.4534422 53.4074682197)"
"7153","Mount Royal School","11303 - 55 Street NW","T5W3P6","EPSB WARD D","WARD 07","http://mountroyal.epsb.ca/","mountroyal@epsb.ca","(780) 477-8202","K to Gr 6","ART",,"Yes","-113.425426142","53.5687533523","POINT (-113.425426142 53.5687533523)"
"7104","Athlone School","12940 - 129 Street NW","T5L1J3","EPSB WARD A","WARD 02","http://athlone.epsb.ca/","athlone@epsb.ca","(780) 455-5823","K to Gr 6","FDK","BLA","Yes","-113.544840146","53.5883021136","POINT (-113.544840146 53.5883021136)"
"7212","Sherwood School","9550 - 152 Street NW","T5P0B9","EPSB WARD E","WARD 01","http://sherwood.epsb.ca","sherwood@epsb.ca","(780) 489-2600","K to Gr 6","FDK","OPP","Yes","-113.583697172","53.5328558744","POINT (-113.583697172 53.5328558744)"
"7051","Eastglen School","11430 - 68 Street NW","T5B1P1","EPSB WARD D","WARD 07","http://eastglen.epsb.ca","eastglen@epsb.ca","(780) 479-1991","Gr 10-12","APL","CLS/INT","No","-113.445498138","53.5678141687","POINT (-113.445498138 53.567814168700004)"
"7161","Prince Charles School","12325 - 127 Street NW","T5L0Z9","EPSB WARD C","WARD 02","http://princecharles.epsb.ca","pcharles@epsb.ca","(780) 455-5533","K to Gr 6","AWA/FDK",,"No","-113.540160401","53.5785796604","POINT (-113.540160401 53.5785796604)"
"7058","McNally School","8440 - 105 Avenue NW","T6A0B6","EPSB WARD D","WARD 08","http://mcnally.epsb.ca/","mcnally@epsb.ca","(780) 469-0442","Gr 10-12","BCH/IB","INT/STR","No","-113.459367504","53.5482921551","POINT (-113.459367504 53.5482921551)"
"7138","Kildare School","7525 - 144 Avenue NW","T5C2R8","EPSB WARD B","WARD 07","http://kildare.epsb.ca","kildare@epsb.ca","(780) 476-5675","K to Gr 6","BCH",,"No","-113.457080056","53.606429067","POINT (-113.457080056 53.606429067)"
"7224","Lee Ridge School","440 Millbourne Road East NW","T6K1Y8","EPSB WARD G","WARD 11","http://leeridge.epsb.ca","leeridge@epsb.ca","(780) 462-3230","K to Gr 6",,"BLA/INT","No","-113.444665833","53.471253168","POINT (-113.444665833 53.471253168)"
"7250","Greenview School","5904 - 38 Avenue NW","T6L3P5","EPSB WARD G","WARD 11","http://greenview.epsb.ca","greenview@epsb.ca","(780) 462-0660","K to Gr 6","FIM",,"No","-113.427931112","53.4738410399","POINT (-113.427931112 53.47384103990001)"
"7553","Stratford Elementary/Junior High School","8715 - 153 Street NW","T5R1P1","EPSB WARD E","WARD 01","http://stratford.epsb.ca","stratford@epsb.ca","(780) 484-3381","K to Gr 9","COG",,"Yes","-113.584736958","53.5200338552","POINT (-113.584736958 53.5200338552)"
"7197","Westbrook School","11915 - 40 Avenue NW","T6J0S1","EPSB WARD F","WARD 10","http://westbrook.epsb.ca","westbrook@epsb.ca","(780) 438-4200","K to Gr 6",,"CHA","No","-113.539541945","53.475880747","POINT (-113.539541945 53.475880747)"
"7207","James Gibbons School","8945 - 153 Street NW","T5R1P1","EPSB WARD E","WARD 01","http://jgibbons.epsb.ca","jgibbons@epsb.ca","(780) 489-8020","K to Gr 6","TPM",,"Yes","-113.584597449","53.5226232835","POINT (-113.584597449 53.5226232835)"
"7201","Richard Secord School","4025 - 117 Street NW","T6J1T4","EPSB WARD F","WARD 10","http://rsecord.epsb.ca","rsecord@epsb.ca","(780) 436-9839","K to Gr 6","COG/FIM",,"Yes","-113.534625582","53.4770223185","POINT (-113.53462558200002 53.4770223185)"
"7253","Bannerman School","14112 - 23 Street NW","T5Y2B9","EPSB WARD B","WARD 04","http://bannerman.epsb.ca","bannerman@epsb.ca","(780) 478-7706","K to Gr 6",,"ISP/STR","Yes","-113.378714671","53.605029997","POINT (-113.37871467100001 53.605029997)"
"7269","Lymburn School","18710 - 72 Avenue NW","T5T4E9","EPSB WARD E","WARD 05","http://lymburn.epsb.ca","lymburn@epsb.ca","(780) 487-1777","K to Gr 6","COG","INT","Yes","-113.646700126","53.5056025933","POINT (-113.646700126 53.5056025933)"
"7118","Delton School","12126 - 89 Street NW","T5B3W4","EPSB WARD D","WARD 07","http://delton.epsb.ca","delton@epsb.ca","(780) 477-8742","K to Gr 6","FDK","PKP/BLA/OPP","No","-113.478502756","53.5758487049","POINT (-113.478502756 53.5758487049)"
"7186","Malmo School","4716 - 115 Street NW","T6H3N8","EPSB WARD F","WARD 10","http://malmo.epsb.ca","malmo@epsb.ca","(780) 434-1362","K to Gr 6","BAR",,"Yes","-113.52919974","53.4852233274","POINT (-113.52919974 53.4852233274)"
"7127","Gold Bar School","10524 - 46 Street NW","T6A1Y3","EPSB WARD D","WARD 08","http://goldbar.epsb.ca/","goldbar@epsb.ca","(780) 466-4116","K to Gr 6",,"BLA","Yes","-113.413385103","53.549409481","POINT (-113.413385103 53.549409481)"
"7242","Lorelei School","16230 - 103 Street NW","T5X3A9","EPSB WARD A","WARD 03","http://lorelei.epsb.ca","lorelei@epsb.ca","(780) 456-4488","K to Gr 6",,"INT/OPP","No","-113.501869182","53.6241636534","POINT (-113.501869182 53.6241636534)"
"7574","Kate Chegwin School","3119 - 48 Street NW","T6L6P5","EPSB WARD I","WARD 12","http://katechegwin.epsb.ca","kchegwin@epsb.ca","(780) 469-0470","Gr 7-9","PAP","BLA/STR","No","-113.415066453","53.4625851754","POINT (-113.415066453 53.4625851754)"
"7192","Afton School","16604 - 91 Avenue NW","T5R5A4","EPSB WARD E","WARD 01","http://afton.epsb.ca","afton@epsb.ca","(780) 484-3263","K to Gr 6","ART",,"Yes","-113.609580528","53.5266192051","POINT (-113.60958052800001 53.5266192051)"
"7557","Vernon Barford School","32 Fairway Drive NW","T6J2C1","EPSB WARD F","WARD 10","http://vbarford.epsb.ca","vbarford@epsb.ca","(780) 413-2211","Gr 7-9",,"CHA/LIT","No","-113.54232263","53.4735919923","POINT (-113.54232263 53.4735919923)"
"7531","Parkview School","14313 - 92 Avenue NW","T5R5B3","EPSB WARD E","WARD 01","http://parkview.epsb.ca","parkview@epsb.ca","(780) 483-3415","K to Gr 9","BCH/PAP","INT","No","-113.568467979","53.5270171038","POINT (-113.568467979 53.5270171038)"
"7193","Clara Tyner School","9420 Ottewell Road NW","T6B2E2","EPSB WARD G","WARD 08","http://claratyner.epsb.ca","claratyner@epsb.ca","(780) 469-5339","K to Gr 6",,,"No","-113.435465614","53.5309641686","POINT (-113.435465614 53.5309641686)"
"7115","Coronation School","10925 - 139 Street NW","T5M1P8","EPSB WARD C","WARD 06","http://coronation.epsb.ca","coronation@epsb.ca","(780) 455-2008","K to Gr 6","IBP",,"Yes","-113.560815996","53.5550956037","POINT (-113.560815996 53.5550956037)"
"7281","Michael A Kostek Elementary School","5303 - 190 Street NW","T6M2L2","EPSB WARD E","WARD 05","http://michaelakostek.epsb.ca/","makostek@epsb.ca","(780) 489-7277","K to Gr 6",,,"No","-113.650641213","53.4896017516","POINT (-113.650641213 53.4896017516)"
"7505","Donnan School","7803 - 87 Street NW","T6C3G6","EPSB WARD G","WARD 11","http://donnan.epsb.ca","donnan@epsb.ca","(780) 466-8573","K to Gr 6","SPA",,"Yes","-113.460702021","53.5144576442","POINT (-113.460702021 53.51445764420001)"
"7527","Oliver School","10227 - 118 Street NW","T5K2V4","EPSB WARD D","WARD 06","http://oliver.epsb.ca/","oliver@epsb.ca","(780) 488-1221","K to Gr 9","FIM/NMC",,"Yes","-113.524624103","53.5438199765","POINT (-113.524624103 53.5438199765)"
"1457","Florence Hallock School","16437 87 St NW","T5Z3X1","EPSB WARD A","WARD 03","http://florencehallock.epsb.ca/","florencehallock@epsb.ca","(780) 478-1410","K to Gr 9",,,"No","-113.474354261","53.6270228428","POINT (-113.474354261 53.6270228428)"
"7053","Ross Sheppard School","13546 - 111 Avenue NW","T5M2P2","EPSB WARD C","WARD 02","http://shep.epsb.ca","rsheppard@epsb.ca","(780) 448-5000","Gr 10-12","BCH/FIM/IB/SPA","CLS/INT","No","-113.558080329","53.5597020515","POINT (-113.558080329 53.5597020515)"
"7236","Belmead School","9011 - 182 Street NW","T5T2Y9","EPSB WARD C","WARD 01","http://belmead.epsb.ca","belmead@epsb.ca","(780) 481-3314","K to Gr 6","FDK","INT","Yes","-113.638229696","53.5256838013","POINT (-113.63822969600001 53.5256838013)"
"1933","Michael Phair School","9407 - 211 Street NW","T5T5X8","EPSB WARD C","WARD 01","http://michaelphair.epsb.ca","michaelphair@epsb.ca","(587) 489-4720","Gr 7-9","COG",,"No","-113.682207903","53.5310712082","POINT (-113.682207903 53.5310712082)"
"7538","Riverbend School","14820 - 53 Avenue NW","T6H4C2","EPSB WARD F","WARD 09","http://riverbend.epsb.ca","riverbend@epsb.ca","(780) 434-7914","Gr 7-9",,"CHA","No","-113.577501997","53.4910368268","POINT (-113.577501997 53.4910368268)"
"7532","Steele Heights School","14607 - 59 Street NW","T5A1Y3","EPSB WARD B","WARD 04","http://eastglen.epsb.ca","eastglen@epsb.ca","(780) 479-1991","Gr 7-9",,"BLA/CHA/STR","No","-113.431496665","53.6087025076","POINT (-113.431496665 53.6087025076)"
"7704","Braemar School","9359 - 67A Street NW","T6B1R7","EPSB WARD G","WARD 08","http://braemar.epsb.ca","braemar@epsb.ca","(780) 468-3000","Gr 8-12","TER",,"Yes","-113.430770478","53.531468157","POINT (-113.430770478 53.531468157)"
"1950","Donald R. Getty School","8102 Chappelle Way SW","T6W1A6","EPSB WARD H","WARD 09","http://donaldrgetty.epsb.ca","donaldrgetty@epsb.ca","(587) 489-4708","K to Gr 9",,"OPP","Yes","-113.585170769","53.4024612625","POINT (-113.585170769 53.4024612625)"
"1459","Elizabeth Finch School","13815 160 Ave NW","T6V0C9","EPSB WARD A","WARD 02","http://elizabethfinch.epsb.ca/","elizabethfinch@epsb.ca","(780) 457-2022","K to Gr 9",,,"Yes","-113.559702863","53.6207134706","POINT (-113.559702863 53.6207134706)"
"7141","Lauderdale School","10610 - 129 Avenue NW","T5E4V6","EPSB WARD A","WARD 02","http://lauderdale.epsb.ca","lauderdale@epsb.ca","(780) 475-8737","K to Gr 6","FDK","PKP/OPP/STR","No","-113.503649279","53.5877638642","POINT (-113.503649279 53.5877638642)"
"7280","Velma E. Baker School","2845 - 43A Avenue NW","T6T1J9","EPSB WARD G","WARD 12","http://velmaebaker.epsb.ca/","vebaker@epsb.ca","(780) 440-4088","K to Gr 6",,,"No","-113.385547353","53.480957623","POINT (-113.38554735300002 53.480957623)"
"7225","Caernarvon School","14820 - 118 Street NW","T5X1T4","EPSB WARD A","WARD 02","http://caernarvon.epsb.ca","caernarvon@epsb.ca","(780) 456-7020","K to Gr 6","BCH",,"No","-113.52682265","53.6102110641","POINT (-113.52682265 53.6102110641)"
"7184","Glengarry School","9211 - 135 Avenue NW","T5E1N7","EPSB WARD A","WARD 07","http://glengarry.epsb.ca","glengarry@epsb.ca","(780) 476-5373","K to Gr 6","BAR",,"No","-113.484073399","53.596233245","POINT (-113.484073399 53.596233245)"
"7502","Balwin School","7055 - 132 Avenue NW","T5C2A7","EPSB WARD B","WARD 07","http://balwin.epsb.ca","balwin@epsb.ca","(780) 475-3646","K to Gr 9","FDK","PKP/INT/LIT/OPP","No","-113.44978618","53.591945194","POINT (-113.44978618 53.591945194)"
"7561","Edith Rogers School","8308 Millwoods Road NW","T6K1Y7","EPSB WARD G","WARD 11","http://edithrogers.epsb.ca","http://edithrogers.epsb.ca/","(780) 462-3310","Gr 7-9","COG","BLA/LIT/OPP","No","-113.456068083","53.474192323","POINT (-113.456068083 53.474192323)"
"7149","Mee-Yah-Noh School","9228 - 128A Avenue NW","T5E0J8","EPSB WARD A","WARD 07","http://meeyahnoh.epsb.ca","meeyahnoh@epsb.ca","(780) 475-1929","K to Gr 6","FDK","CLS/INT","Yes","-113.48426759","53.5872307334","POINT (-113.48426759000002 53.587230733400006)"
"1934","Dr. Margaret-Ann Armour School","3815 Allan Drive SW","T6W0S7","EPSB WARD H","WARD 09","http://margaretannarmour.epsb.ca/","margaretannarmour@epsb.ca","(587) 489-4704","K to Gr 9",,"INT","Yes","-113.603669692","53.4274715624","POINT (-113.603669692 53.4274715624)"
"7535","Rosslyn School","13215 - 113A Street NW","T5E5B9","EPSB WARD A","WARD 02","http://rosslyn.epsb.ca","rosslyn@epsb.ca","(780) 453-1576","Gr 7-9","BCH/PAP","BLA/BAO/INT","No","-113.515912358","53.5924950967","POINT (-113.515912358 53.5924950967)"
"7514","Holyrood School","7920 - 94 Avenue NW","T6C1W5","EPSB WARD G","WARD 08","http://holyrood.epsb.ca","holyrood@epsb.ca","(780) 466-2292","K to Gr 6","FIM",,"No","-113.448511422","53.5311679277","POINT (-113.448511422 53.5311679277)"
"7156","Norwood School","9520 - 111 Avenue NW","T5G0A6","EPSB WARD D","WARD 07","http://norwood.epsb.ca","norwood@epsb.ca","(780) 477-1002","K to Gr 6","FDK","PKP","No","-113.487706163","53.5603391193","POINT (-113.487706163 53.5603391193)"
"1929","Shauna May Seneca School","2130 Wonnacott Way SW","T6X2C1","EPSB WARD I","WARD 12","http://shaunamayseneca.epsb.ca","shaunamayseneca@epsb.ca","(587) 489-4722","K to Gr 8",,,"Yes","-113.427498267","53.4114301502","POINT (-113.427498267 53.4114301502)"
"7052","Queen Elizabeth School","9425 - 132 Avenue NW","T5E0Y4","EPSB WARD A","WARD 07","http://queene.epsb.ca","queene@epsb.ca","(780) 476-8671","Gr 10-12","APL/BAR","ISP","No","-113.488282294","53.5910253328","POINT (-113.488282294 53.59102533280001)"
"7262","Kirkness School","610 Kirkness Road NW","T5Y2K4","EPSB WARD B","WARD 04","http://kirkness.epsb.ca","kirkness@epsb.ca","(780) 473-5924","K to Gr 6",,,"No","-113.387182354","53.6111120178","POINT (-113.387182354 53.6111120178)"
"7198","York School","13915 - 61 Street NW","T5A1P3","EPSB WARD B","WARD 04","http://york.epsb.ca/","york@epsb.ca","(780) 476-6336","K to Gr 6",,"PKP/CHA","Yes","-113.435150402","53.6013813933","POINT (-113.435150402 53.6013813933)"
"7132","Hazeldean School","6715 - 97 Street NW","T6E3J9","EPSB WARD G","WARD 11","http://hazeldean.epsb.ca","hazeldean@epsb.ca","(780) 433-7583","K to Gr 6",,"PKP","No","-113.478813399","53.5042548389","POINT (-113.478813399 53.5042548389)"
"7178","Greenfield School","3735 - 114 Street NW","T6J2G6","EPSB WARD F","WARD 10","http://greenfield.epsb.ca","greenfield@epsb.ca","(780) 434-8581","K to Gr 6","FIM",,"No","-113.526849415","53.4722638011","POINT (-113.526849415 53.4722638011)"
"349","Argyll Home School Centre","6859 - 100 Avenue NW","T6A0G3","EPSB WARD D","WARD 08","http://argyll.epsb.ca","argyll@epsb.ca","(780) 465-1299","K to Gr 12","CAR",,"No","-113.434494524","53.5397222576","POINT (-113.434494524 53.5397222576)"
"7563","Dan Knott School","1434 - 80 Street NW","T6K2C6","EPSB WARD I","WARD 11","http://danknott.epsb.ca","danknott@epsb.ca","(780) 462-7954","Gr 7-9","PAP","LIT/STR/INT","No","-113.454843643","53.4455509369","POINT (-113.45484364300002 53.4455509369)"
"7071","Jasper Place School","8950 - 163 Street NW","T5R2P2","EPSB WARD E","WARD 01","http://jasperplace.epsb.ca/","jasper@epsb.ca","(780) 408-9000","Gr 10-12","APL/IB","INT","No","-113.603605349","53.5253255777","POINT (-113.60360534900002 53.5253255777)"
"7177","Virginia Park School","7324 - 109 Avenue NW","T5B0A1","EPSB WARD D","WARD 07","http://virginiapark.epsb.ca/","virginia@epsb.ca","(780) 477-8152","K to Gr 6","ART",,"No","-113.448182511","53.5604062257","POINT (-113.448182511 53.5604062257)"
"7275","Julia Kiniski School","4304 - 41 Avenue NW","T6L5Y6","EPSB WARD G","WARD 12","http://juliakiniski.epsb.ca","jkiniski@epsb.ca","(780) 462-4622","K to Gr 6",,"BLA","No","-113.406131401","53.4775671412","POINT (-113.406131401 53.4775671412)"
"7200","McLeod School","14807 - 59 Street NW","T5A1Y3","EPSB WARD B","WARD 04","http://mcleod.epsb.ca","mcleod@epsb.ca","(780) 478-2927","K to Gr 6",,,"No","-113.431244064","53.6108540816","POINT (-113.431244064 53.6108540816)"
"7542","Westglen School","10950 - 127 Street NW","T5M0S7","EPSB WARD C","WARD 06","http://westglen.epsb.ca","westglen@epsb.ca","(780) 454-3449","K to Gr 6","IBM",,"Yes","-113.541641814","53.5547222385","POINT (-113.541641814 53.5547222385)"
"7706","Institutional Services Schools","18621 - 127 Street NW","T6V1B1","EPSB WARD A","WARD 03","https://epsb.ca/programs/specializedprograms/youngoffenders/","kennedale@epsb.ca","(780) 408-8209","Gr 4-12",,,"No","-113.538618493","53.648810127","POINT (-113.538618493 53.648810127)"
"7273","Fraser School","14904 - 21 Street NW","T5Y2L6","EPSB WARD B","WARD 04","http://fraser.epsb.ca","fraser@epsb.ca","(780) 472-0131","K to Gr 6",,"INT","Yes","-113.372731587","53.6118067367","POINT (-113.372731587 53.611806736700004)"
"7524","Mount Pleasant School","10541 - 60A Avenue NW","T6H1K4","EPSB WARD F","WARD 10","http://mountpleasant.epsb.ca","mpleasant@epsb.ca","(780) 434-6766","K to Gr 6","COG",,"Yes","-113.503936467","53.4958957632","POINT (-113.503936467 53.4958957632)"
"7911","Talmud Torah School","6320 - 172 Street NW","T5T6H1","EPSB WARD E","WARD 05","http://talmudtorahsociety.com","talmudt@epsb.ca","(780) 487-9290","K to Gr 9","BHE",,"No","-113.621802102","53.4997678517","POINT (-113.621802102 53.4997678517)"
"7137","Kensington School","13410 - 119 Street NW","T5E5N1","EPSB WARD A","WARD 02","http://kensington.epsb.ca","kensington@epsb.ca","(780) 455-1836","K to Gr 6","LOG","LIT/INT","No","-113.527461554","53.5952757261","POINT (-113.527461554 53.5952757261)"
"7208","Lynnwood School","15451 - 84 Avenue NW","T5R3Y1","EPSB WARD E","WARD 05","http://lynnwood.epsb.ca","lynnwood@epsb.ca","(780) 489-4500","K to Gr 6",,"CLB/CHA/CLS","Yes","-113.587880372","53.5169039786","POINT (-113.587880372 53.5169039786)"
"7572","Mary Butterworth School","16315 - 109 Street NW","T5X2R2","EPSB WARD A","WARD 03","http://marybutterworth.epsb.ca/","mbutterworth@epsb.ca","(780) 476-1480","Gr 7-9","PAP","BLA/OPP","No","-113.507259438","53.6241051474","POINT (-113.50725943800002 53.6241051474)"
"7730","Alberta School for the Deaf","6240 - 113 Street NW","T6H3L2","EPSB WARD F","WARD 10","http://asd.epsb.ca","abschdeaf@epsb.ca","(780) 439-3323","Gr 1-12",,"DHH","No","-113.524291742","53.4997272558","POINT (-113.524291742 53.4997272558)"
"7059","Harry Ainlay School","4350 - 111 Street NW","T6J1E8","EPSB WARD F","WARD 10","http://ainlay.ca","hainlay@epsb.ca","(780) 413-2700","Gr 10-12","FIM/IB","INT","No","-113.518621829","53.4792424495","POINT (-113.51862182900001 53.4792424495)"
"7176","Patricia Heights School","16216 - 78 Avenue NW","T5R3E6","EPSB WARD E","WARD 05","http://patheights.epsb.ca","patriciah@epsb.ca","(780) 487-0550","K to Gr 6",,,"No","-113.60271079","53.5110087424","POINT (-113.60271079000002 53.5110087424)"
"7263","Crawford Plains School","4210 - 12 Avenue NW","T6L5V6","EPSB WARD I","WARD 12","http://crawford.epsb.ca","crawford@epsb.ca","(780) 463-7211","K to Gr 6","FIM","INT","No","-113.405590535","53.441031572","POINT (-113.405590535 53.441031572)"
"7248","Ormsby School","6323 - 184 Street NW","T5T3K1","EPSB WARD E","WARD 05","http://ormsby.epsb.ca","ormsby@epsb.ca","(780) 481-4646","K to Gr 6",,"OPP/STR","Yes","-113.639271591","53.4981009372","POINT (-113.639271591 53.4981009372)"
"7057","W P Wagner School","6310 Wagner Road NW","T6E4N5","EPSB WARD G","WARD 11","http://wpwagner.epsb.ca","wpwagner@epsb.ca","(780) 469-1315","Gr 10-12","APL/SPA","INT","No","-113.449851412","53.4999469056","POINT (-113.449851412 53.4999469056)"
"7517","King Edward School","8530 - 101 Street NW","T6E3Z5","EPSB WARD F","WARD 08","http://kingedward.epsb.ca","kingedward@epsb.ca","(780) 439-2491","K to Gr 6",,"INT","Yes","-113.49193233","53.5214244871","POINT (-113.49193233 53.5214244871)"
"1022","Learning Store West Edmonton","9532 163 St NW","T5P 3M","EPSB WARD E","WARD 01","http://outreach.epsb.ca","lswested@epsb.ca","(780) 443-8072","Gr 10-12",,,"No","-113.603813614","53.5325150531","POINT (-113.603813614 53.5325150531)"
"7054","Strathcona School","10450 - 72 Avenue NW","T6E0Z6","EPSB WARD F","WARD 08","http://strathconaschool.ca","strathcona@epsb.ca","(780) 439-3957","Gr 10-12","APL/BGE/ISA","CLB","No","-113.499579271","53.5087262359","POINT (-113.499579271 53.508726235900006)"
"7259","Menisa School","933 Knottwood Road South NW","T6K3Y9","EPSB WARD I","WARD 11","http://menisa.epsb.ca","menisa@epsb.ca","(780) 463-8474","K to Gr 6",,"INT","No","-113.448882815","53.442650268","POINT (-113.448882815 53.442650268)"
"1926","Dr. Lila Fahlman School","680 Allard Boulevard SW","T6W3A2","EPSB WARD H","WARD 09","http://lilafahlman.epsb.ca","lilafahlman@epsb.ca","(587) 489-4710","K to Gr 9",,,"Yes","-113.535253534","53.3992811305","POINT (-113.535253534 53.3992811305)"
"7215","Evansdale School","9303 - 150 Avenue NW","T5E2N7","EPSB WARD A","WARD 03","http://evansdale.epsb.ca","evansdale@epsb.ca","(780) 476-3331","K to Gr 6","FDK/BAR","PKP/BLA/BAO","Yes","-113.484169589","53.6104180991","POINT (-113.48416958900002 53.6104180991)"
"7228","Belmont School","3310 - 132A Avenue NW","T5A3T1","EPSB WARD B","WARD 04","http://belmont.epsb.ca","belmont@epsb.ca","(780) 476-9590","K to Gr 6","LOG","CLS","No","-113.392734672","53.5933866602","POINT (-113.392734672 53.5933866602)"
"1578","Michael Strembitsky School","4110 Savaryn Drive SW","T6X0Z5","EPSB WARD I","WARD 12","http://michaelstrembitsky.epsb.ca/","michaelstrembitsky@epsb.ca","(780) 392-3500","Gr 2-9",,,"No","-113.460846565","53.4134303852","POINT (-113.460846565 53.4134303852)"
"1003","Jackson Heights Elementary","311 Jackson Road NW","T6L6S7","EPSB WARD G","WARD 12","http://jacksonheights.epsb.ca/","jacksonheights@epsb.ca","(780) 465-9797","K to Gr 6",,"INT","No","-113.408834621","53.4833581364","POINT (-113.408834621 53.4833581364)"
"7218","Duggan School","10616 - 36A Avenue NW","T6J0C9","EPSB WARD F","WARD 10","http://duggan.epsb.ca","duggan@epsb.ca","(780) 434-0319","K to Gr 6",,"PKP/INT/STR","Yes","-113.50516993","53.4716172741","POINT (-113.50516993 53.4716172741)"
"7509","Garneau School","10925 - 87 Avenue NW","T6G0X4","EPSB WARD F","WARD 08","http://garneau.epsb.ca","garneau@epsb.ca","(780) 433-1390","K to Gr 6","SCA",,"Yes","-113.513570404","53.5226700159","POINT (-113.513570404 53.5226700159)"
"7772","Tevie Miller Heritage School Program","6240 - 113 Street NW","T6H3L2","EPSB WARD F","WARD 10","http://teviemillerheritage.epsb.ca","heritage@epsb.ca","(780) 436-0465","K to Gr 6","FDK","PKP","No","-113.524332263","53.498957085","POINT (-113.524332263 53.498957085)"
"7168","Riverdale School","8901 - 101 Avenue NW","T5H0B1","EPSB WARD D","WARD 06","http://riverdale.epsb.ca","riverdale@epsb.ca","(780) 425-7600","K to Gr 6",,,"Yes","-113.46842726","53.5435343756","POINT (-113.46842726000001 53.5435343756)"
"7170","Rutherford School","8620 - 91 Street NW","T6C3N2","EPSB WARD D","WARD 08","http://rutherford.epsb.ca","rutherford@epsb.ca","(780) 466-2891","K to Gr 6",,,"Yes","-113.469135694","53.5222920111","POINT (-113.469135694 53.5222920111)"
"7107","Belgravia School","11605 - 74 Avenue NW","T6G0G1","EPSB WARD F","WARD 08","http://belgravia.epsb.ca","belgravia@epsb.ca","(780) 435-5560","K to Gr 6",,,"No","-113.531494605","53.5099455076","POINT (-113.53149460500002 53.5099455076)"
"7534","Londonderry School","7104 - 144 Avenue NW","T5C2R4","EPSB WARD B","WARD 03","http://londonderry.epsb.ca","londonderry@epsb.ca","(780) 473-4560","Gr 7-9","BCH/PAP","OPP","No","-113.449869707","53.6060675751","POINT (-113.449869707 53.6060675751)"
"17","Centre High","100 10310 102 Avenue NW","T5J5A2","EPSB WARD D","WARD 06","http://centrehigh.epsb.ca","centrehigh@epsb.ca","(780) 425-6753","Gr 10-12",,,"No","-113.498600209","53.5433282282","POINT (-113.49860020900002 53.5433282282)"
"7151","Montrose School","11931 - 62 Street NW","T5W4C7","EPSB WARD D","WARD 07","http://montrose.epsb.ca","montrose@epsb.ca","(780) 471-2358","K to Gr 6","FDK","BLA","No","-113.436185441","53.5727256563","POINT (-113.436185441 53.5727256563)"
"7501","Avonmore School","7835 - 76 Avenue NW","T6C2N1","EPSB WARD G","WARD 11","http://avonmore.epsb.ca","avonmore@epsb.ca","(780) 466-2976","K to Gr 9","NMC","CLB/CLS","Yes","-113.448327283","53.5119523899","POINT (-113.448327283 53.5119523899)"
"7126","Glenora School","13520 - 102 Avenue NW","T5N0N7","EPSB WARD C","WARD 06","http://glenora.epsb.ca","glenora@epsb.ca","(780) 452-4740","K to Gr 6","IBM",,"No","-113.555483812","53.5439353019","POINT (-113.555483812 53.5439353019)"
"7211","Rio Terrace Elementary School","7608 - 154 Street NW","T5R1R7","EPSB WARD E","WARD 05","http://rioterrace.epsb.ca","rioterrace@epsb.ca","(780) 481-6866","K to Gr 6","BGE/FIM","FIS","Yes","-113.586209764","53.5086953268","POINT (-113.586209764 53.5086953268)"
"7210","Meadowlark School","9150 - 160 Street NW","T5R2J2","EPSB WARD E","WARD 01","http://meadowlark.epsb.ca","meadowlark@epsb.ca","(780) 489-5200","K to Gr 6","BCH",,"Yes","-113.595128276","53.5262922326","POINT (-113.595128276 53.5262922326)"
"7559","Dickinsfield School","14320 - 88A Street NW","T5E6B6","EPSB WARD A","WARD 07","http://dickinsfield.epsb.ca","dickinsfield@epsb.ca","(780) 476-4646","Gr 7-9","FIM","BLA/LIT/STR","No","-113.477535668","53.6052197544","POINT (-113.477535668 53.6052197544)"
"7521","John A. McDougall School","10930 - 107 Street NW","T5H2Z4","EPSB WARD C","WARD 06","http://johnamcdougall.epsb.ca","mcdougall@epsb.ca","(780) 426-0205","K to Gr 6","FDK","PKP","Yes","-113.505484389","53.5555274783","POINT (-113.50548438900002 53.5555274783)"
"7240","Homesteader School","4455 - 128 Avenue NW","T5A3M9","EPSB WARD B","WARD 04","http://homesteader.epsb.ca","homesteader@epsb.ca","(780) 478-1139","K to Gr 6","FDK","PKP/OPP","No","-113.41153191","53.5873822127","POINT (-113.41153191 53.5873822127)"
"325","Transitions at the Y","10211 - 105 Street NW","T5J1E3","EPSB WARD D","WARD 06","http://outreach.epsb.ca","transitions.at.y@epsb.ca","(780) 429-5737","Gr 9-12",,,"No","-113.498538918","53.5708493247","POINT (-113.498538918 53.5708493247)"
"7569","Winterburn School","9527  Winterburn Road NW","T5T5X9","EPSB WARD C","WARD 01","http://winterburn.epsb.ca","winterburn@epsb.ca","(780) 447-3566","K to Gr 6",,,"No","-113.688397173","53.5348932145","POINT (-113.688397173 53.5348932145)"
"7239","Kameyosek School","250 Lakewood Road East NW","T6K3L4","EPSB WARD I","WARD 11","http://kameyosek.epsb.ca","kameyosek@epsb.ca","(780) 462-8724","K to Gr 6","COG",,"No","-113.441485567","53.4607763441","POINT (-113.441485567 53.4607763441)"
"1930","David Thomas King School","22707 - 97 Avenue NW","T5T5X7","EPSB WARD C","WARD 01","http://davidthomasking.epsb.ca","davidthomasking@epsb.ca","(587) 489-4706","K to Gr 9",,,"Yes","-113.706833505","53.5364594681","POINT (-113.706833505 53.5364594681)"
"7146","Brookside School","5504 - 143 Street NW","T6H4E5","EPSB WARD F","WARD 09","http://brookside.epsb.ca","brookside@epsb.ca","(780) 434-0464","K to Gr 6",,"PKP/INT","Yes","-113.568043944","53.4921926737","POINT (-113.568043944 53.4921926737)"
"7191","Northmount School","14020 - 88A Street NW","T5E3J4","EPSB WARD A","WARD 07","http://northmount.epsb.ca","northmount@epsb.ca","(780) 475-5162","K to Gr 6","COG",,"Yes","-113.476725556","53.6035980296","POINT (-113.476725556 53.6035980296)"
"7171","Scott Robertson School","13515 - 107 Street NW","T5E4W3","EPSB WARD A","WARD 02","http://scottrobertson.epsb.ca","srobertson@epsb.ca","(780) 475-3565","K to Gr 6","FDK","PKP/ISP","No","-113.504545006","53.596882392","POINT (-113.504545006 53.596882392)"
"7905","Edmonton Christian High School","14304-109 Avenue NW","T5N1H6","EPSB WARD C","WARD 06","http://edmchristian.net","ecssh@epsb.ca","(780) 408-7945","Gr 10-12","APL",,"No","-113.568288161","53.5546591481","POINT (-113.568288161 53.5546591481)"
"7702","L Y Cairns School","10510 - 45 Avenue NW","T6H0A1","EPSB WARD F","WARD 10","http://lycairns.epsb.ca/","lycairns@epsb.ca","(780) 434-9561","Gr 7-12",,"OPP","No","-113.500794446","53.4837158683","POINT (-113.50079444600001 53.4837158683)"
"7164","Queen Alexandra School","7730 - 106 Street NW","T6E4W3","EPSB WARD F","WARD 08","http://queenalexandra.epsb.ca","queenalex@epsb.ca","(780) 439-2516","K to Gr 6","LOG",,"Yes","-113.504582698","53.5138131992","POINT (-113.504582698 53.5138131992)"
"7523","McKernan School","11330 - 76 Avenue NW","T6G0K1","EPSB WARD F","WARD 08","http://mckernan.epsb.ca","mckernan@epsb.ca","(780) 435-4163","K to Gr 9","FIM/ISA/LFI/PAP","EXT","No","-113.525044296","53.5129210122","POINT (-113.525044296 53.5129210122)"
"7226","Brander Gardens School","14865 - 56 Avenue NW","T6H5G2","EPSB WARD F","WARD 09","http://brandergardens.epsb.ca","brander@epsb.ca","(780) 436-6740","K to Gr 6","FIM",,"Yes","-113.576920765","53.4934298721","POINT (-113.576920765 53.4934298721)"
"7707","Aspen Program","11031 - 154 Street NW","T5P2K2","EPSB WARD C","WARD 01",,"woodside@epsb.ca","(780) 457-2485","Gr 2-12",,"BLA","No","-113.586747528","53.5569002932","POINT (-113.586747528 53.5569002932)"
"7128","Grandview Heights School","6225 - 127 Street NW","T6H3W8","EPSB WARD F","WARD 10","http://grandview.epsb.ca","grandview@epsb.ca","(780) 434-1502","Gr 1-9","ACA",,"No","-113.546622058","53.4997054681","POINT (-113.546622058 53.4997054681)"
"7518","Laurier Heights School","8210 - 142 Street NW","T5R0L9","EPSB WARD E","WARD 05","http://laurierheights.ca","laurier@epsb.ca","(780) 483-5352","K to Gr 9","FIM","EXT","Yes","-113.566229312","53.5169286277","POINT (-113.566229312 53.5169286277)"
"7233","Ekota School","1395 - Knottwood Road East NW","T6K2P5","EPSB WARD I","WARD 11","http://ekota.epsb.ca","ekota@epsb.ca","(780) 462-5112","K to Gr 6",,"PKP/STR","Yes","-113.440865808","53.4491125932","POINT (-113.440865808 53.4491125932)"
"7050","Vimy Ridge","8205 - 90 Avenue NW","T6C1N8","EPSB WARD G","WARD 08","http://vimyridge.epsb.ca","vimyridge@epsb.ca","(780) 465-5461","Gr 7-12","DAN/SPA/VRP","ISP","No","-113.452703708","53.5240952736","POINT (-113.452703708 53.5240952736)"
"7513","Highlands School","11509 - 62 Street NW","T5W4C2","EPSB WARD D","WARD 07","http://highlands.epsb.ca/","highlands@epsb.ca","(780) 479-4206","Gr 7-9","ART/PAP","BLA/STR","No","-113.435362821","53.569510288","POINT (-113.435362821 53.569510288)"
"7545","Westlawn School","9520 - 165 Street NW","T5P3S4","EPSB WARD E","WARD 01","http://westlawn.epsb.ca","westlawn@epsb.ca","(780) 484-3456","Gr 7-9",,"BLA/ISP/STR","No","-113.607931836","53.5323267551","POINT (-113.60793183600002 53.5323267551)"
"7150","Mill Creek School","9735 - 80 Avenue NW","T6E1S8","EPSB WARD G","WARD 11","http://millcreek.epsb.ca","millcreek@epsb.ca","(780) 433-5746","K to Gr 6","ISA",,"Yes","-113.481283697","53.5154333966","POINT (-113.481283697 53.5154333966)"
"7503","Crestwood School","9735 - 144 Street NW","T5N2T3","EPSB WARD E","WARD 01","http://crestwood.epsb.ca","crestwood@epsb.ca","(780) 452-4525","K to Gr 9","ACA","CHA","No","-113.570689243","53.5351027489","POINT (-113.57068924300002 53.5351027489)"
"7258","Pollard Meadows School","1715 - 48 Street NW","T6L3J6","EPSB WARD I","WARD 12","http://pollardmeadows.epsb.ca","pollard@epsb.ca","(780) 463-8680","K to Gr 6","COG",,"No","-113.41337855","53.4486762578","POINT (-113.41337855 53.4486762578)"
"7257","Meyokumin School","5703 - 19A Avenue NW","T6L4J8","EPSB WARD I","WARD 11","http://meyokumin.epsb.ca","meyokumin@epsb.ca","(780) 463-8409","K to Gr 6","COG",,"No","-113.427851578","53.4502502348","POINT (-113.427851578 53.4502502348)"
"7260","Centennial School","17420 - 57 Avenue NW","T6M1K4","EPSB WARD E","WARD 05","http://centennial.epsb.ca","centennial@epsb.ca","(780) 481-5590","K to Gr 6",,,"No","-113.624843448","53.4936482601","POINT (-113.624843448 53.4936482601)"
"7246","Dunluce School","11735 - 162 Avenue NW","T5X4M6","EPSB WARD A","WARD 03","http://dunluce.epsb.ca","dunluce@epsb.ca","(780) 456-9080","K to Gr 6","FIM",,"No","-113.527547308","53.6222028196","POINT (-113.527547308 53.6222028196)"
"7537","Spruce Avenue School","11424 - 102 Street NW","T5G2E7","EPSB WARD C","WARD 02","http://spruceavenue.epsb.ca/","spruceave@epsb.ca","(780) 479-0155","Gr 7-9",,"BLA/LIT","No","-113.496157078","53.5650097768","POINT (-113.496157078 53.5650097768)"
"7571","S Bruce Smith School","5545 - 184 Street NW","T6M2L9","EPSB WARD E","WARD 05","http://sbrucesmith.epsb.ca/","sbsmith@epsb.ca","(780) 444-4946","Gr 7-9","PAP","OPP/STR","No","-113.639514682","53.4911534581","POINT (-113.639514682 53.4911534581)"
"7109","Belvedere School","13359 - 62 Street NW","T5A0V5","EPSB WARD B","WARD 04","http://belvedere.epsb.ca/","belvedere@epsb.ca","(780) 476-2022","K to Gr 6","FDK",,"No","-113.436015123","53.5949474619","POINT (-113.43601512300002 53.5949474619)"
"7189","Waverley School","6825 - 89 Avenue NW","T6B0N3","EPSB WARD G","WARD 08","http://waverley.epsb.ca","waverley@epsb.ca","(780) 469-6682","K to Gr 6",,"PKP","Yes","-113.433532533","53.5239296305","POINT (-113.433532533 53.5239296305)"
"7546","Kenilworth School","7005 - 89 Avenue NW","T6B0N3","EPSB WARD G","WARD 08","http://kenilworth.epsb.ca","kenilworth@epsb.ca","(780) 466-2104","Gr 7-9","FIM","BLA/LIT","No","-113.435642378","53.5238890944","POINT (-113.43564237800001 53.523889094400005)"
"7234","Aldergrove School","8525 - 182 Street NW","T5T1X1","EPSB WARD C","WARD 01","http://aldergrove.epsb.ca/","aldergrove@epsb.ca","(780) 487-5182","K to Gr 6",,"BLA","No","-113.636195606","53.5184225509","POINT (-113.636195606 53.5184225509)"
"1344","Lillian Osborne High School","15312 23 Avenue NW","T6R0R8","EPSB WARD H","WARD 09","http://lillianosborne.epsb.ca","lillianosborne@epsb.ca","(780) 391-2450","Gr 10-12","BCH/IB","INT","No","-113.579842466","53.457340398","POINT (-113.579842466 53.457340398)"
"7209","Mayfield School","10950 - 159 Street NW","T5P3C1","EPSB WARD C","WARD 01","http://mayfield.epsb.ca","mayfield@epsb.ca","(780) 489-5100","K to Gr 6","FDK","PKP/INT","Yes","-113.595289395","53.5557044765","POINT (-113.595289395 53.5557044765)"
"7512","Hardisty School","10534 - 62 Street NW","T6A2M3","EPSB WARD D","WARD 08","http://hardisty.epsb.ca","hardisty@epsb.ca","(780) 469-0426","K to Gr 9","LOG","EXT/INT/ISP","Yes","-113.428732814","53.5483265832","POINT (-113.428732814 53.5483265832)"
"1928","Svend Hansen School","2130 - 16 Avenue NW","T6T2C1","EPSB WARD I","WARD 12","http://svendhansen.epsb.ca","svendhansen@epsb.ca","(587) 489-4724","K to Gr 9",,,"Yes","-113.373977358","53.4455799716","POINT (-113.37397735800002 53.4455799716)"
"7075","J Percy Page School","2707 Millwoods Road NW","T6K3Z3","EPSB WARD I","WARD 11","http://jpercypage.epsb.ca/","jpercypage@epsb.ca","(780) 462-3322","Gr 10-12","APL","ISP","No","-113.446756578","53.4564047605","POINT (-113.446756578 53.4564047605)"
"7063","M. E. LaZerte School","6804 - 144 Avenue NW","T5C3C7","EPSB WARD B","WARD 03","http://www.melazerte.com","melazerte@epsb.ca","(780) 408-9800","Gr 10-12","BCH/IB","INT/ISP","No","-113.444063339","53.6057513439","POINT (-113.444063339 53.6057513439)"
"1456","Dr. Donald Massey School","5435 162 Avenue NW","T5Y0E8","EPSB WARD B","WARD 04","http://donaldmassey.epsb.ca/","donaldmassey@epsb.ca","(780) 457-5435","K to Gr 9",,,"No","-113.421145155","53.6230566388","POINT (-113.421145155 53.6230566388)"
"7106","Beacon Heights School","4610 - 121 Avenue NW","T5W1M8","EPSB WARD D","WARD 07","http://beaconheights.epsb.ca","beacon@epsb.ca","(780) 479-4038","K to Gr 6","FDK","PKP","No","-113.413955146","53.575478433","POINT (-113.413955146 53.575478433)"
"7528","Ottewell School","9435 - 73 Street NW","T6B2A9","EPSB WARD G","WARD 08","http://ottewell.epsb.ca","ottewell@epsb.ca","(780) 466-7331","Gr 7-9","BCH","CLB/CHA/CLS","No","-113.439283809","53.5315993673","POINT (-113.439283809 53.5315993673)"
"18","The Academy at King Edward","8525-101 Street NW","T6E3Z4","EPSB WARD F","WARD 08","http://kingedward.epsb.ca","academy@epsb.ca","(780) 439-1368","Gr 2-12",,"STR","No","-113.490516929","53.5215255993","POINT (-113.490516929 53.5215255993)"
"7279","George H Luck School","300 Bulyea Road NW","T6R2L4","EPSB WARD F","WARD 09","http://georgehluck.epsb.ca/","ghluck@epsb.ca","(780) 438-5011","K to Gr 6",,"BLA","No","-113.572369473","53.4737860697","POINT (-113.572369473 53.473786069700004)"
"1460","Esther Starkman School","2717 Terwillegar Way NW","T6R0G5","EPSB WARD H","WARD 09","http://estherstarkman.epsb.ca/","estherstarkman@epsb.ca","(780) 439-2717","K to Gr 9",,,"Yes","-113.573908358","53.446247509","POINT (-113.573908358 53.446247509)"
"1935","Roberta MacAdams School","2099 Blackmud Creek Drive SW","T6W1T7","EPSB WARD H","WARD 09","http://robertamacadams.epsb.ca/","Robertamacadams@epsb.ca","(587) 489-4700","K to Gr 6",,,"Yes","-113.515383531","53.4206169808","POINT (-113.515383531 53.4206169808)"
"7136","Inglewood School","11515 - 127 Street NW","T5M0V4","EPSB WARD C","WARD 02","http://inglewood.epsb.ca","inglewood@epsb.ca","(780) 455-4673","K to Gr 6","FDK",,"Yes","-113.540465369","53.5660873526","POINT (-113.540465369 53.5660873526)"
"1925","Kim Hung School","1950 Glastonbury Boulevard NW","T5T6M6","EPSB WARD E","WARD 05","http://kimhung.epsb.ca","kimhung@epsb.ca","(587) 489-4718","K to Gr 8",,,"Yes","-113.683118453","53.5025956363","POINT (-113.683118453 53.5025956363)"
"386","Learning Store on Whyte","10007 - 82 Avenue NW","T6E1Z2","EPSB WARD G","WARD 11","http://outreach.epsb.ca","lswhyte@epsb.ca","(780) 437-8119","Gr 10-12",,,"No","-113.489335288","53.5177418582","POINT (-113.489335288 53.5177418582)"
"7552","Hillcrest School","16400 - 80 Avenue NW","T5R3M6","EPSB WARD E","WARD 05","http://hillcrest.epsb.ca","hillcrest@epsb.ca","(780) 489-2516","Gr 7-9",,"LIT/OPP","No","-113.604368104","53.5143277189","POINT (-113.604368104 53.5143277189)"
"7543","Westminster School","13712 - 104 Avenue NW","T5N0W4","EPSB WARD C","WARD 06","http://westminster.epsb.ca","westminster@epsb.ca","(780) 452-4343","Gr 7-9","IBM","BLA/STR","No","-113.558899348","53.5465348617","POINT (-113.558899348 53.5465348617)"
"7214","John Barnett School","14840 - 72 Street NW","T5C3E5","EPSB WARD B","WARD 03","http://johnbarnett.epsb.ca/","jbarnett@epsb.ca","(780) 478-1351","K to Gr 6",,"PKP","No","-113.449833275","53.6100761844","POINT (-113.449833275 53.6100761844)"
